{"css":"","framework":"duck-10.2.11","title":"مساعدة Safari","build_id":"596cf885680ce2c127b0edfe","quick_links":[],"icon":"..\/SharedGlobalArt\/AppIconDefault_Safari.png","sections":{"ibrw8586170f":{"name":"الخصوصية والأمان","children":["sfri11471","sfri40696","sfri47acf5d6","ibrw1069","sfri40697","sfri40732"]},"ibrwdcc86085":{"name":"تصفح الويب","children":["ibrw1005","sfrid73436cb","sfri40726","sfri22092","ibrw1039","sfri11576","ibrw0495694f","ibrw27291639","ibrwae910b47"]},"ibrwc2a4c26f":{"name":"تخصيص Safari","children":["ibrw1020","ibrw1012","ibrw933b3c1f","ibrwa008","ibrw1068","sfri32508","ibrw1015"]},"ibrwf52aedab":{"name":"قراءة المقالات والروابط المشتركة","children":["sfri35905","sfri32632","ibrw979a931f"]},"ibrw201dc86d":{"name":"تنزيل المحتوى ومشاركته وحفظه","children":["sfri40598","sfri40722","sfri40785","ibrw1089","ibrw1060"]},"ibrw8eb4666f":{"name":"التسوق على الويب","children":["ibrw8e207504","ibrw1103"]}},"birdseed_version":5,"toc":["sfri35862","ibrwdcc86085","ibrw8eb4666f","ibrwf52aedab","ibrw201dc86d","ibrwc2a4c26f","ibrw8586170f","cpsh003","sfri11861"],"locale":"ar","version":"10.0","source_schema":"apd-schema","enable_tracking":false,"platform":"mac","build_date":"2017.07.17-11:40:45","landing":"sfri35476","product":"safari","urls":{},"copyright":"","show_previous_next":false,"topics":{"sfri35862":{"name":"عرض عام لـ Safari"},"ibrw1118":{"name":"إذا لم تكن ميزات Safari متوفرة أو أنه قد طُلب منك إدخال كلمة سرّ"},"ibrwa008":{"name":"جعل Safari متصفح الويب الافتراضي الخاص بك"},"sfri40724":{"name":"تفضيلات الإشعارات","searchName":"تفضيلات الإشعارات في Safari"},"ibrw933b3c1f":{"name":"تخصيص التصفح لمواقع ويب محددة"},"sfri35610":{"name":"تفضيلات الخصوصية","searchName":"تفضيلات الخصوصية في Safari"},"ibrw1060":{"name":"طباعة صفحات ويب","searchName":"طباعة صفحات ويب من Safari"},"ibrw27291639":{"name":"تشغيل فيديوهات الويب"},"ibrwae910b47":{"name":"كتم الصوت في علامات التبويب","searchName":"كتم الصوت في علامات تبويب Safari"},"sfri35905":{"name":"الاحتفاظ بقائمة قراءة","searchName":"الاحتفاظ بقائمة قراءة في Safari"},"sfri40599":{"name":"تفضيلات كلمات السر","searchName":"تفضيلات كلمات السر في Safari"},"ibrw1066":{"name":"حول الشهادات ومواقع الويب المشفرة","searchName":"حول الشهادات ومواقع الويب المشفرة في Safari"},"sfri78488bc1":{"name":"administrator","categories":["aside"]},"ibrw1069":{"name":"استخدام نوافذ التصفح الخاص","searchName":"استخدام نوافذ التصفح الخاص في Safari"},"ibrw1045":{"name":"تفضيلات علامات التبويب","searchName":"تفضيلات علامات التبويب في Safari"},"sfri4f24ca1c":{"name":"إذا قام Safari بعرض تنبيه أمن WebGL"},"ibrw1071":{"name":"إذا لم يتمكن Safari من فتح موقع ويب"},"ibrw1074":{"name":"تفضيلات الأمان","searchName":"تفضيلات الأمان في Safari"},"ibrw1113":{"name":"تحسين عمليات البحث الخاصة بك","searchName":"تحسين عمليات البحث الخاصة بك باستخدام Safari"},"sfri32508":{"name":"استخدام ملحقات Safari"},"ibrw051607b8":{"name":"محاكاة أجهزة Apple","searchName":"محاكاة أجهزة Apple في Safari"},"sfri40734":{"name":"إدارة إشعارات موقع ويب","searchName":"إدارة إشعارات مواقع الويب باستخدام Safari"},"ibrw1053":{"name":"إعداد خادم وكيل","searchName":"إعداد خادم وكيل باستخدام Safari"},"ibrw1077":{"name":"إذا لم يتمكن Safari من فتح نافذة"},"sfri40785":{"name":"إضافة بطاقات إلى Wallet","searchName":"إضافة بطاقات إلى Wallet باستخدام Safari"},"sfri43593":{"name":"إذا كان موقع ويب يحتوي على محتوى مكونات إضافية","searchName":"إذا كان موقع ويب يحتوي على محتوى مكون Safari إضافي"},"sfri40697":{"name":"التعرف على مواقع الويب المشفرة وتجنب عمليات الاحتيال","searchName":"التعرف على مواقع الويب المشفرة وتجنب عمليات الاحتيال باستخدام Safari"},"ibrw1009":{"name":"إعادة زيارة صفحات ويب","searchName":"إعادة زيارة صفحات ويب باستخدام سجل تاريخ Safari"},"ibrw1032":{"name":"إذا كانت الميزات على صفحة الويب لا تعمل","searchName":"إذا كانت الميزات على صفحة ويب لا تعمل في Safari"},"ibrwa006":{"name":"إذا لم يتمكن Safari من تنزيل عنصر من الويب"},"sfri563ecfdc":{"name":"Safari Suggestions","categories":["aside"]},"sfri4b415f9c":{"name":"إذا كان موقع الويب يحتوي على رسومات WebGL","searchName":"إذا كان موقع الويب يحتوي على رسومات WebGL في Safari"},"ibrw53c401e7":{"name":"عرض أهم المواقع","searchName":"عرض صفحة أهم مواقع Safari"},"sfri5bcd1b2e":{"name":"malware","categories":["aside"]},"sfri40598":{"name":"تنزيل العناصر من الويب","searchName":"تنزيل عناصر من الويب باستخدام Safari"},"sfri40726":{"name":"عرض صفحات الويب المفتوحة على أجهزتك الأخرى","searchName":"عرض صفحات الويب المفتوحة في Safari على أجهزتك الأخرى"},"ibrw1100":{"name":"إذا لم تعمل التعبئة التلقائية","searchName":"إذا لم تعمل التعبئة التلقائية في Safari"},"glosbabd4062":{"name":"Touch Bar","categories":["aside"]},"ibrw0495694f":{"name":"وضع دبوس على مواقع  الويب التي تمت زيارتها مرات متكررة"},"ibrw1103":{"name":"استخدام التعبئة التلقائية","searchName":"استخدام التعبئة التلقائية لبطاقات الائتمان وجهات الاتصال وكلمات السر في Safari"},"ibrw1090":{"name":"عرض ملفات PDF","searchName":"عرض ملفات PDF باستخدام Safari"},"sfri22092":{"name":"عرض المفضلة","searchName":"عرض صفحة مفضلة Safari"},"sfri35476":{"name":"مساعدة Safari","href":"sfri35476.html","categories":["landing"]},"sfri20879":{"name":"قواعد بيانات مُخزنة على جهاز الكمبيوتر الخاص بك","searchName":"قواعد بيانات مُخزنة على جهاز الكمبيوتر الخاص بك باستخدام Safari"},"glosbdc8e694":{"name":"Apple ID","categories":["aside"]},"sfri35922":{"name":"إذا واجه Safari خطأ في عرض صفحة ويب"},"ibrw1072":{"name":"التفضيلات العامة","searchName":"التفضيلات العامة في Safari"},"sfri32632":{"name":"قراءة المقالات دون فوضى","searchName":"قراءة المقالات دون فوضى باستخدام قارئ Safari"},"sfri27594":{"name":"إذا كنت بحاجة إلى إزالة مكوّن إضافي","searchName":"إذا كنت بحاجة إلى إزالة مكوّن Safariالإضافي"},"ibrw1075":{"name":"التفضيلات المتقدمة","searchName":"التفضيلات المتقدمة في Safari"},"ibrwa001":{"name":"لماذا حظر النوافذ المنبثقة؟","searchName":"لماذا حظر النوافذ المنبثقة على صفحات الويب في Safari؟"},"ibrw1114":{"name":"البحث في سجل تاريخ التصفح الخاصة بك","searchName":"البحث في سجل تاريخ تصفح ويب لديك باستخدام Safari"},"sfri40696":{"name":"حظر القوائم المنبثقة والمحتوى غير اللازم","searchName":"حظر القوائم المنبثقة والمحتوى غير اللازم في Safari"},"sfri40722":{"name":"مشاركة صفحات الويب، التغريد بها، أو نشرها","searchName":"مشاركة صفحات الويب، التغريد بها، أو نشرها باستخدام Safari"},"sfri20948":{"name":"استخدام قائمة مطوّر  Safari"},"ibrw1117":{"name":"إذا لم يتمكن Safari من حفظ كلمة سر"},"ibrw1080":{"name":"اختيار مواقع ويب التي يمكن للمستخدمين عرضها","searchName":"اختيار مواقع الويب التي يمكن للمستخدمين عرضها في Safari"},"ibrw8e207504":{"name":"الدفع باستخدام Apple Pay","searchName":"التسوق باستخدام Apple Pay في Safari"},"ibrw1033":{"name":"إذا لم يعرض Safari صور صفحات الويب"},"ibrwa007":{"name":"إذا كنت تحاول استخدام Safari في وضع عدم الاتصال","href":"ibrwa007.html","summary":"يجب أن يكون الـ Mac الخاص بك متصلاً بالإنترنت إذا كنت تريد الانتقال إلى صفحة ويب باستخدام Safari، ما لم تكن قد قمت بإضافة الصفحة إلى قائمة القراءة عندما كنت متصلاً بالإنترنت."},"sfri35826":{"name":"استخدام حساب الإنترنت الخاص بك مع تطبيقات macOS أخرى"},"sfri32153":{"name":"تفضيلات الملحقات","searchName":"تفضيلات الملحقات في Safari"},"sfri11471":{"name":"إدارة ملفات تعريف الارتباط وبيانات موقع الويب","searchName":"إدارة ملفات تعريف الارتباط وبيانات موقع الويب باستخدام Safari"},"ibrw1012":{"name":"تخصيص نافذة Safari"},"ibrw1036":{"name":"إذا كان المكوّن الإضافي مفقودًا","searchName":"إذا كان مكون Safari الإضافي مفقودًا"},"ibrw1039":{"name":"استخدام الإشارات المرجعية","searchName":"استخدام الإشارات المرجعية في Safari"},"ibrw1015":{"name":"استيراد الإشارات المرجعية وسجل التاريخ","searchName":"استيراد الإشارات المرجعية وسجل التاريخ إلى Safari من متصفحات أخرى"},"sfri11576":{"name":"عرض صفحات ويب في علامات تبويب","searchName":"عرض صفحات ويب في علامات تبويب باستخدام Safari"},"sfri21236":{"name":"إذا لم يتم فتح صفحة ويب مشفرة في Safari","searchName":"إذا لم يتم فتح صفحة ويب مشفرة في Safari"},"ibrw1089":{"name":"حفظ صفحات ويب","searchName":"حفظ صفحات ويب باستخدام Safari"},"sfri47acf5d6":{"name":"مسح سجل تاريخ التصفح الخاص بك","searchName":"مسح سجل تاريخ التصفح الخاص بك في Safari"},"ibrw979a931f":{"name":"قراءة المقالات في وضع عدم الاتصال"},"ibrw1018":{"name":"فحص عناصر صفحة الويب ونشاطها","searchName":"فحص عناصر صفحة الويب ونشاطها باستخدام Safari"},"ibrw1041":{"name":"إذا كانت الإشارات المرجعية مفقودة من شريط المفضلة","searchName":"إذا كانت الإشارات المرجعية مفقودة من شريط المفضلة في Safari"},"ibrwe2159f50":{"name":"تفضيلات مواقع الويب","searchName":"تفضيلات مواقع الويب في Safari"},"sfri21978704":{"name":"cookies and website data","categories":["aside"]},"ibrw1068":{"name":"تكبير مناطق من صفحات الويب","searchName":"تكبير مناطق من صفحات الويب باستخدام Safari"},"cpsh003":{"name":"لوحة المفاتيح والاختصارات الأخرى"},"ibrw1020":{"name":"تحديد الصفحة الرئيسية الخاصة بك","searchName":"تعيين الصفحة الرئيسية في Safari"},"sfri264b84ab":{"name":"force click","categories":["aside"]},"glosc8aef3dc":{"name":"Touch ID","categories":["aside"]},"ibrwe75c2a3c":{"name":"تغيير خيارات البحث","searchName":"تغيير خيارات البحث باستخدام Safari"},"sfrid73436cb":{"name":"العثور على ما تبحث عنه","searchName":"العثور على ما تبحث عنه في Safari"},"sfri40732":{"name":"منع التعقب","searchName":"مطالبة مواقع الويب بعدم تعقبك في Safari"},"sfri11861":{"name":"استكشاف الأخطاء وإصلاحها"},"ibrw1005":{"name":"الانتقال إلى مواقع الويب","searchName":"الانتقال إلى مواقع الويب باستخدام Safari"},"sfria1042d31":{"name":"تفضيلات البحث","searchName":"تفضيلات البحث في Safari"},"ibrw74269f2c":{"name":"Smart Search field","categories":["aside"]},"ibrw1031":{"name":"إذا كانت صفحة ويب مشوهة","searchName":"إذا كانت صفحة ويب مشوهة في Safari"},"ibrwa005":{"name":"تفضيلات التعبئة التلقائية","searchName":"تفضيلات التعبئة التلقائية في Safari"}},"copyright_text":"‏‎Copyright © 2017 Apple Inc.‎ كافة الحقوق محفوظة."}