{"css":"","framework":"duck-10.2.11","title":"Trợ giúp Safari","build_id":"596cf887680ce2c127b0ee0a","quick_links":[],"icon":"..\/SharedGlobalArt\/AppIconDefault_Safari.png","sections":{"ibrw8586170f":{"name":"Quyền riêng tư và bảo mật","children":["sfri11471","sfri40696","sfri47acf5d6","ibrw1069","sfri40697","sfri40732"]},"ibrwdcc86085":{"name":"Duyệt web","children":["ibrw1005","sfrid73436cb","sfri40726","sfri22092","ibrw1039","sfri11576","ibrw0495694f","ibrw27291639","ibrwae910b47"]},"ibrwc2a4c26f":{"name":"Tùy chỉnh Safari","children":["ibrw1020","ibrw1012","ibrw933b3c1f","ibrwa008","ibrw1068","sfri32508","ibrw1015"]},"ibrwf52aedab":{"name":"Đọc bài viết và liên kết được chia sẻ","children":["sfri35905","sfri32632","ibrw979a931f"]},"ibrw201dc86d":{"name":"Tải về, chia sẻ và lưu nội dung","children":["sfri40598","sfri40722","sfri40785","ibrw1089","ibrw1060"]},"ibrw8eb4666f":{"name":"Mua sắm trên web","children":["ibrw8e207504","ibrw1103"]}},"birdseed_version":5,"toc":["sfri35862","ibrwdcc86085","ibrw8eb4666f","ibrwf52aedab","ibrw201dc86d","ibrwc2a4c26f","ibrw8586170f","cpsh003","sfri11861"],"locale":"vi","version":"10.0","source_schema":"apd-schema","enable_tracking":false,"platform":"mac","build_date":"2017.07.17-11:01:41","landing":"sfri35476","product":"safari","urls":{},"copyright":"","show_previous_next":false,"topics":{"sfri35862":{"name":"Tổng quan về Safari"},"ibrw1118":{"name":"Nếu các tính năng của Safari không khả dụng hoặc bạn được yêu cầu mật khẩu"},"ibrwa008":{"name":"Đặt Safari làm trình duyệt web mặc định của bạn"},"sfri40724":{"name":"Tùy chọn Thông báo","searchName":"Tùy chọn Thông báo trong Safari"},"ibrw933b3c1f":{"name":"Tùy chỉnh duyệt cho các trang web riêng lẻ"},"sfri35610":{"name":"Tùy chọn Quyền riêng tư","searchName":"Tùy chọn Quyền riêng tư trong Safari"},"ibrw1060":{"name":"In trang web","searchName":"In trang web từ Safari"},"ibrw27291639":{"name":"Phát video trên web"},"ibrwae910b47":{"name":"Tắt âm thanh trong các tab","searchName":"Tắt âm thanh trong các tab của Safari"},"sfri35905":{"name":"Giữ danh sách đọc","searchName":"Giữ danh sách đọc trong Safari"},"sfri40599":{"name":"Tùy chọn Mật khẩu","searchName":"Tùy chọn Mật khẩu trong Safari"},"ibrw1066":{"name":"Giới thiệu về chứng nhận và trang web được mã hóa","searchName":"Giới thiệu về chứng nhận và trang web được mã hóa trong Safari"},"sfri78488bc1":{"name":"administrator","categories":["aside"]},"ibrw1069":{"name":"Sử dụng cửa sổ Duyệt Cá nhân","searchName":"Sử dụng cửa sổ Duyệt Cá nhân trong Safari"},"ibrw1045":{"name":"Tùy chọn Tab","searchName":"Tùy chọn Tab trong Safari"},"sfri4f24ca1c":{"name":"Nếu Safari hiển thị cảnh báo bảo mật WebGL"},"ibrw1071":{"name":"Nếu Safari không thể mở trang web"},"ibrw1074":{"name":"Tùy chọn Bảo mật","searchName":"Tùy chọn Bảo mật trong Safari"},"ibrw1113":{"name":"Cải thiện tìm kiếm trên web của bạn","searchName":"Cải thiện tìm kiếm trên web của bạn bằng Safari"},"sfri32508":{"name":"Sử dụng phần mở rộng Safari"},"ibrw051607b8":{"name":"Mô phỏng các thiết bị của Apple","searchName":"Mô phỏng các thiết bị của Apple trong Safari"},"sfri40734":{"name":"Quản lý thông báo trang web","searchName":"Quản lý thông báo trang web bằng Safari"},"ibrw1053":{"name":"Thiết lập máy chủ proxy","searchName":"Thiết lập máy chủ proxy với Safari"},"ibrw1077":{"name":"Nếu Safari không thể mở cửa sổ"},"sfri40785":{"name":"Thêm thẻ vào Wallet","searchName":"Thêm thẻ vào Wallet bằng Safari"},"sfri43593":{"name":"Nếu trang web có nội dung trình cắm","searchName":"Nếu trang web có nội dung trình cắm Safari"},"sfri40697":{"name":"Xác định trang web được mã hóa và tránh lừa đảo","searchName":"Xác định trang web được mã hóa và tránh lừa đảo bằng Safari"},"ibrw1009":{"name":"Truy cập lại trang web","searchName":"Truy cập lại trang web bằng lịch sử trên Safari của bạn"},"ibrw1032":{"name":"Nếu các tính năng trên trang web không hoạt động.","searchName":"Nếu các tính năng trên trang web không hoạt động trong Safari"},"ibrwa006":{"name":"Nếu Safari không thể tải về một mục từ web"},"sfri563ecfdc":{"name":"Safari Suggestions","categories":["aside"]},"sfri4b415f9c":{"name":"Nếu trang web có đồ họa WebGL","searchName":"Nếu trang web có đồ họa WebGL trong Safari"},"ibrw53c401e7":{"name":"Xem Top Trang web của bạn","searchName":"Xem trang Top Trang web trên Safari"},"sfri5bcd1b2e":{"name":"malware","categories":["aside"]},"sfri40598":{"name":"Tải về các mục từ web","searchName":"Tải về các mục từ web bằng Safari"},"sfri40726":{"name":"Xem các trang web mở trên thiết bị khác của bạn","searchName":"Xem các trang web mở trong Safari trên thiết bị khác của bạn"},"ibrw1100":{"name":"Nếu Tự động Điền không hoạt động","searchName":"Nếu Tự động Điền không hoạt động trong Safari"},"glosbabd4062":{"name":"Touch Bar","categories":["aside"]},"ibrw0495694f":{"name":"Ghim trang web thường xuyên truy cập"},"ibrw1103":{"name":"Sử dụng Tự động Điền","searchName":"Sử dụng Tự động Điền cho thẻ tín dụng, danh bạ và mật khẩu trong Safari"},"ibrw1090":{"name":"Xem tệp PDF","searchName":"Xem tệp PDF bằng Safari"},"sfri22092":{"name":"Xem Mục ưa thích","searchName":"Xem trang Mục ưa thích trên Safari"},"sfri35476":{"name":"Trợ giúp Safari","href":"sfri35476.html","categories":["landing"]},"sfri20879":{"name":"Cơ sở dữ liệu được lưu trữ trên máy tính của bạn","searchName":"Cơ sở dữ liệu được lưu trữ trên máy tính của bạn sử dụng Safari"},"glosbdc8e694":{"name":"Apple ID","categories":["aside"]},"sfri35922":{"name":"Nếu Safari gặp phải lỗi khi hiển thị trang web"},"ibrw1072":{"name":"Tùy chọn chung","searchName":"Tùy chọn chung trong Safari"},"sfri32632":{"name":"Đọc các bài viết không lộn xộn","searchName":"Đọc các bài viết không lộn xộn bằng Trình đọc Safari"},"sfri27594":{"name":"Nếu bạn cần xóa một trình cắm","searchName":"Nếu bạn cần xóa một trình cắm Safari"},"ibrw1075":{"name":"Tùy chọn nâng cao","searchName":"Tùy chọn Nâng cao trong Safari"},"ibrwa001":{"name":"Tại sao lại chặn cửa sổ bật lên?","searchName":"Tại sao lại chặn cửa sổ bật lên trên trang web trong Safari?"},"ibrw1114":{"name":"Tìm kiếm lịch sử duyệt của bạn","searchName":"Tìm kiếm lịch sử duyệt web của bạn bằng Safari"},"sfri40696":{"name":"Chặn cửa sổ bật lên và nội dung không cần thiết","searchName":"Chặn cửa sổ bật lên và nội dung không cần thiết trong Safari"},"sfri40722":{"name":"Chia sẻ, gửi tweet hoặc đăng trang web","searchName":"Chia sẻ, gửi tweet hoặc đăng trang web bằng Safari"},"sfri20948":{"name":"Sử dụng menu Phát triển của Safari"},"ibrw1117":{"name":"Nếu Safari không thể lưu mật khẩu"},"ibrw1080":{"name":"Chọn trang web mà người dùng có thể xem","searchName":"Chọn trang web mà người dùng có thể xem trong Safari"},"ibrw8e207504":{"name":"Thanh toán với Apple Pay","searchName":"Mua sắm với Apple Pay trong Safari"},"ibrw1033":{"name":"Nếu Safari không hiển thị hình ảnh trên trang web"},"ibrwa007":{"name":"Nếu bạn đang cố gắng sử dụng Safari trong khi ngoại tuyến","href":"ibrwa007.html","summary":"Máy Mac của bạn phải được kết nối với Internet để truy cập trang web bằng Safari, trừ khi bạn đã thêm trang này vào Danh sách đọc trong khi bạn đang ở chế độ trực tuyến."},"sfri35826":{"name":"Sử dụng tài khoản Internet của bạn với các ứng dụng macOS khác"},"sfri32153":{"name":"Tùy chọn Phần mở rộng","searchName":"Tùy chọn Phần mở rộng trong Safari"},"sfri11471":{"name":"Quản lý cookie và dữ liệu trang web","searchName":"Quản lý cookie và dữ liệu trang web bằng Safari"},"ibrw1012":{"name":"Tùy chỉnh cửa sổ Safari"},"ibrw1036":{"name":"Nếu đang thiếu trình cắm","searchName":"Nếu thiếu trình cắm Safari"},"ibrw1039":{"name":"Sử dụng dấu trang","searchName":"Sử dụng dấu trang trong Safari"},"ibrw1015":{"name":"Nhập dấu trang và lịch sử","searchName":"Nhập dấu trang và lịch sử vào Safari từ các trình duyệt khác"},"sfri11576":{"name":"Xem trang web trong các tab","searchName":"Xem trang web trong các tab bằng Safari"},"sfri21236":{"name":"Nếu trang web được mã hóa không mở","searchName":"Nếu trang web được mã hóa không mở trong Safari"},"ibrw1089":{"name":"Lưu trang web","searchName":"Lưu trang web bằng Safari"},"sfri47acf5d6":{"name":"Xóa lịch sử duyệt của bạn","searchName":"Xóa lịch sử duyệt trên Safari của bạn"},"ibrw979a931f":{"name":"Đọc bài viết ngoại tuyến"},"ibrw1018":{"name":"Kiểm tra các yếu tố và hoạt động trên trang web","searchName":"Kiểm tra các yếu tố và hoạt động trên trang web bằng Safari"},"ibrw1041":{"name":"Nếu dấu trang bị thiếu trong thanh Ưa thích","searchName":"Nếu dấu trang bị thiếu trong thanh Ưa thích trên Safari"},"ibrwe2159f50":{"name":"Tùy chọn Trang web","searchName":"Tùy chọn Trang web trong Safari"},"sfri21978704":{"name":"cookies and website data","categories":["aside"]},"ibrw1068":{"name":"Phóng to trên trang web","searchName":"Phóng to trên trang web bằng Safari"},"cpsh003":{"name":"Bàn phím và các phím tắt khác"},"ibrw1020":{"name":"Đặt trang chủ của bạn","searchName":"Đặt trang chủ của bạn trong Safari"},"sfri264b84ab":{"name":"force click","categories":["aside"]},"glosc8aef3dc":{"name":"Touch ID","categories":["aside"]},"ibrwe75c2a3c":{"name":"Thay đổi tùy chọn tìm kiếm","searchName":"Thay đổi các tùy chọn tìm kiếm bằng Safari"},"sfrid73436cb":{"name":"Tìm nội dung bạn đang tìm kiếm","searchName":"Tìm nội dung bạn đang tìm kiếm trong Safari"},"sfri40732":{"name":"Ngăn chặn theo dõi","searchName":"Yêu cầu trang web không theo dõi bạn trong Safari"},"sfri11861":{"name":"Khắc phục sự cố"},"ibrw1005":{"name":"Truy cập trang web","searchName":"Truy cập trang web bằng Safari"},"sfria1042d31":{"name":"Tùy chọn Tìm kiếm","searchName":"Tùy chọn Tìm kiếm trong Safari"},"ibrw74269f2c":{"name":"Smart Search field","categories":["aside"]},"ibrw1031":{"name":"Nếu trang web bị lộn xộn","searchName":"Nếu trang web bị lộn xộn trong Safari"},"ibrwa005":{"name":"Tùy chọn Tự động Điền","searchName":"Tùy chọn Tự động Điền trong Safari"}},"copyright_text":"Bản quyền © 2017 Apple Inc. Mọi quyền được bảo lưu."}