{"css":"","framework":"duck-10.2.10","title":"วิธีใช้ Safari","build_id":"598cde99680ce2d469e6e30d","quick_links":[],"icon":"..\/SharedGlobalArt\/AppIconDefault_Safari.png","sections":{"ibrw8586170f":{"name":"ความเป็นส่วนตัวและความปลอดภัย","children":["sfri11471","sfri40696","sfri47acf5d6","ibrw1069","sfri40697","sfri40732"]},"ibrwdcc86085":{"name":"เลือกดูเว็บ","children":["ibrw1005","sfrid73436cb","sfri40726","sfri22092","ibrw1039","sfri11576","ibrw0495694f","ibrw27291639","ibrwae910b47"]},"ibrwc2a4c26f":{"name":"ปรับแต่ง Safari ด้วยตัวเอง","children":["ibrw1020","ibrw1012","ibrw933b3c1f","ibrwa008","ibrw1068","sfri32508","ibrw1015"]},"ibrwf52aedab":{"name":"อ่านบทความและลิงก์ที่แชร์","children":["sfri35905","sfri32632","ibrw979a931f"]},"ibrw201dc86d":{"name":"ดาวน์โหลด แชร์ และบันทึกเนื้อหา","children":["sfri40598","sfri40722","sfri40785","ibrw1089","ibrw1060"]},"ibrw8eb4666f":{"name":"ซื้อบนเว็บ","children":["ibrw8e207504","ibrw1103"]}},"birdseed_version":5,"toc":["sfri35862","ibrwdcc86085","ibrw8eb4666f","ibrwf52aedab","ibrw201dc86d","ibrwc2a4c26f","ibrw8586170f","cpsh003","sfri11861"],"locale":"th","version":"10.0","source_schema":"apd-schema","enable_tracking":false,"platform":"mac","build_date":"2017.08.10-15:40:16","landing":"sfri35476","product":"safari","urls":{},"copyright":"","show_previous_next":false,"topics":{"sfri35862":{"name":"ภาพรวม Safari"},"ibrw1118":{"name":"หากคุณสมบัติ Safari ใช้ไม่ได้หรือแอพพลิเคชั่นขอรหัสผ่านจากคุณ"},"ibrwa008":{"name":"ทำให้ Safari เป็นเว็บเบราว์เซอร์เริ่มต้นของคุณ"},"sfri40724":{"name":"การตั้งค่าการแจ้ง","searchName":"การตั้งค่าการแจ้งเตือนใน Safari"},"ibrw933b3c1f":{"name":"ปรับแต่งการท่องเว็บไซต์แต่ละแห่งด้วยตัวเอง"},"sfri35610":{"name":"การตั้งค่าความเป็นส่วนตัว","searchName":"การตั้งค่าความเป็นส่วนตัวใน Safari"},"ibrw1060":{"name":"พิมพ์หน้าเว็บ","searchName":"พิมพ์หน้าเว็บจาก Safari"},"ibrw27291639":{"name":"เล่นวิดีโอบนเว็บ"},"ibrwae910b47":{"name":"ปิดเสียงในแถบต่างๆ","searchName":"ปิดเสียงในแถบ Safari"},"sfri35905":{"name":"เก็บรายการอ่าน","searchName":"เก็บรายการอ่านใน Safari"},"sfri40599":{"name":"การตั้งค่ารหัสผ่าน","searchName":"การตั้งค่ารหัสผ่านใน Safari"},"ibrw1066":{"name":"เกี่ยวกับใบรับรองและเว็บไซต์ที่เข้ารหัส","searchName":"เกี่ยวกับใบรับรองและเว็บไซต์ที่เข้ารหัสใน Safari"},"sfri78488bc1":{"name":"administrator","categories":["aside"]},"ibrw1069":{"name":"ใช้หน้าต่างการเลือกหาแบบส่วนตัว","searchName":"ใช้หน้าต่างการเลือกดูแบบส่วนตัวใน Safari"},"ibrw1045":{"name":"การตั้งค่าแถบ","searchName":"การตั้งค่าแถบใน Safari"},"sfri4f24ca1c":{"name":"หาก Safari แสดงข้อความเตือนความปลอดภ้ย WebGL"},"ibrw1071":{"name":"หาก Safari ไม่สามารถเปิดเว็บไซต์ได้"},"ibrw1074":{"name":"การตั้งค่าความปลอดภัย","searchName":"การตั้งค่าความปลอดภัยใน Safari "},"ibrw1113":{"name":"ปรับปรุงการค้นหาเว็บของคุณ","searchName":"ปรับปรุงการค้นหาเว็บของคุณโดยใช้ Safari"},"sfri32508":{"name":"ใช้ส่วนขยายของ Safari"},"ibrw051607b8":{"name":"จำลองอุปกรณ์ Apple","searchName":"จำลองอุปกรณ์ Apple ใน Safari"},"sfri40734":{"name":"จัดการการแจ้งเตือนของเว็บไซต์","searchName":"จัดการการแจ้งของเว็บไซต์โดยใช้ Safari"},"ibrw1053":{"name":"ตั้งค่าเซิร์ฟเวอร์พร็อกซี","searchName":"ตั้งค่าเซิร์ฟเวอร์พร็อกซีด้วย Safari"},"ibrw1077":{"name":"หาก Safari ไม่สามารถเปิดหน้าต่างได้"},"sfri40785":{"name":"เพิ่มบัตรผ่านไปที่ Wallet","searchName":"เพิ่มบัตรผ่านไปยัง Wallet โดยใช้ Safari"},"sfri43593":{"name":"หากเว็บไซต์มีเนื้อหาปลั๊กอิน","searchName":"หากเว็บไซต์มีเนื้อหาปลั๊กอิน Safari"},"sfri40697":{"name":"ระบุเว็บไซต์ที่เข้ารหัสและหลีกเลี่ยงการหลอกลวง","searchName":"ระบุเว็บไซต์ที่เข้ารหัสและหลีกเลี่ยงการหลอกลวงโดยใช้ Safari"},"ibrw1009":{"name":"เยี่ยมชมหน้าเว็บอีกครั้ง","searchName":"เยี่ยมชมหน้าเว็บอีกครั้งโดยใช้ประวัติ Safari ของคุณ"},"ibrw1032":{"name":"หากคุณสมบัติบนหน้าเว็บใช้งานไม่ได้","searchName":"หากคุณสมบัติบนหน้าเว็บใช้งานไม่ได้ใน Safari"},"ibrwa006":{"name":"หาก Safari ไม่สามารถดาวน์โหลดรายการจากเว็บได้"},"sfri563ecfdc":{"name":"Safari Suggestions","categories":["aside"]},"sfri4b415f9c":{"name":"หากเว็บไซต์มีกราฟิก WebGL","searchName":"หากเว็บไซต์มีกราฟิก WebGL ใน Safari"},"ibrw53c401e7":{"name":"ดูเว็บไซต์ยอดนิยมของคุณ","searchName":"ดูหน้าเว็บไซต์ยอดนิยมใน Safari"},"sfri5bcd1b2e":{"name":"malware","categories":["aside"]},"sfri40598":{"name":"ดาวน์โหลดรายการจากเว็บ","searchName":"ดาวน์โหลดรายการจากเว็บโดยใช้ Safari"},"sfri40726":{"name":"ดูหน้าเว็บที่เปิดในอุปกรณ์เครื่องอื่นๆ ของคุณ","searchName":"ดูหน้าเว็บที่เปิดใน Safari ในอุปกรณ์เครื่องอื่นๆ ของคุณ"},"ibrw1100":{"name":"หาก การป้อนอัตโนมัติ ไม่ทำงาน","searchName":"หาก การป้อนอัตโนมัติ ไม่ทำงานใน Safari"},"glosbabd4062":{"name":"Touch Bar","categories":["aside"]},"ibrw0495694f":{"name":"ปักหมุดเว็บไซต์ที่เยี่ยมชมบ่อย"},"ibrw1103":{"name":"ใช้การป้อนอัตโนมัติ","searchName":"ใช้ ป้อนอัตโนมัติ สำหรับบัตรเครดิต รายชื่อ และรหัสผ่านใน Safari"},"ibrw1090":{"name":"ดูไฟล์ PDF","searchName":"ดูไฟล์ PDF ด้วย Safari"},"sfri22092":{"name":"ดูรายการโปรด","searchName":"ดูหน้ารายการโปรดใน Safari"},"sfri35476":{"name":"วิธีใช้ Safari","href":"sfri35476.html","categories":["landing"]},"sfri20879":{"name":"ฐานข้อมูลที่จัดเก็บบนคอมพิวเตอร์ของคุณ","searchName":"ฐานข้อมูลที่จัดเก็บบนคอมพิวเตอร์ของคุณโดยใช้ Safari"},"glosbdc8e694":{"name":"Apple ID","categories":["aside"]},"sfri35922":{"name":"หาก Safari พบกับข้อผิดพลาดในการแสดงหน้าเว็บ"},"ibrw1072":{"name":"การตั้งค่าทั่วไป","searchName":"การตั้งค่าทั่วไปใน Safari"},"sfri32632":{"name":"อ่านบทความโดยไม่มีสิ่งเกะกะ","searchName":"อ่านบทความโดยไม่มีสิ่งเกะกะด้วยตัวอ่าน Safari"},"sfri27594":{"name":"หากคุณจำเป็นต้องเอาปลั๊กอินออก","searchName":"หากคุณจำเป็นต้องเอาปลั๊กอิน Safari ออก"},"ibrw1075":{"name":"การตั้งค่าขั้นสูง","searchName":"การตั้งค่าขั้นสูงใน Safari"},"ibrwa001":{"name":"สาเหตุที่ปิดกั้นหน้าต่างป๊อปอัพ","searchName":"สาเหตุที่ปิดกั้นหน้าต่างป๊อปอัพใน Safari"},"ibrw1114":{"name":"ค้นหาประวัติการเลือกหาเว็บของคุณ","searchName":"ค้นหาประวัติการเลือกดูเว็บของคุณโดยใช้ Safari"},"sfri40696":{"name":"ปิดกั้นป๊อปอัพและเนื้อหาที่ไม่จำเป็น","searchName":"ปิดกั้นป๊อปอัพและเนื้อหาที่ไม่จำเป็นใน Safari"},"sfri40722":{"name":"แชร์ ทวีต หรือโพสต์บนหน้าเว็บ","searchName":"แบ่งปัน ทวีต หรือโพสต์หน้าเว็บโดยใช้ Safari"},"sfri20948":{"name":"ใช้เมนูการพัฒนา Safari"},"ibrw1117":{"name":"หาก Safari ไม่สามารถบันทึกรหัสผ่านได้"},"ibrw1080":{"name":"เลือกว่าเว็บไซต์ใดบ้างที่ผู้ใช้สามารถชมได้","searchName":"เลือกว่าเว็บไซต์ใดบ้างที่ผู้ใช้สามารถชมได้ใน Safari"},"ibrw8e207504":{"name":"ชำระเงินด้วย Apple Pay","searchName":"ช้อปด้วย Apple Pay ใน Safari"},"ibrw1033":{"name":"หาก Safari ไม่แสดงรูปภาพหน้าเว็บ"},"ibrwa007":{"name":"หากคุณกำลังพยายามใช้ Safari ในระหว่างออฟไลน์","href":"ibrwa007.html","summary":"Mac ของคุณจะต้องเชื่อมต่ออยู่กับอินเทอร์เน็ตเพื่อไปที่หน้าเว็บโดยใช้ Safari นอกเสียจากว่าในขณะที่คุณออนไลน์อยู่ คุณได้เพิ่มหน้าไปยังรายการอ่านของคุณไว้แล้ว"},"sfri35826":{"name":"ใช้บัญชีอินเทอร์เน็ตของคุณด้วยแอพอื่นๆ ของ macOS"},"sfri32153":{"name":"การตั้งค่าส่วนขยาย","searchName":"การตั้งค่าส่วนขยายใน Safari"},"sfri11471":{"name":"จัดการคุกกี้และข้อมูลเว็บไซต์","searchName":"จัดการคุกกี้และข้อมูลเว็บไซต์โดยใช้ Safari"},"ibrw1012":{"name":"ปรับแต่งหน้าต่าง Safari ด้วยตัวเอง"},"ibrw1036":{"name":"หากปลั๊กอินหายไป","searchName":"หากปลั๊กอินของ Safari หายไป"},"ibrw1039":{"name":"ใช้ที่คั่นหน้าเว็บ","searchName":"ใช้ที่คั่นหน้าเว็บใน Safari"},"ibrw1015":{"name":"นำเข้าที่คั่นหน้าและประวัติ","searchName":"นำเข้าที่คั่นหน้าและประวัติสู่ Safari จากเบราว์เซอร์ตัวอื่น"},"sfri11576":{"name":"ดูหน้าเว็บในแถบ","searchName":"ดูหน้าเว็บในแถบโดยใช้ Safari"},"sfri21236":{"name":"หากหน้าเว็บที่ถูกเข้ารหัสไม่เปิด","searchName":"หากหน้าเว็บที่ถูกเข้ารหัสไม่เปิดใน Safari"},"ibrw1089":{"name":"บันทึกหน้าเว็บ","searchName":"บันทึกหน้าเว็บโดยใช้ Safari"},"sfri47acf5d6":{"name":"ล้างประวัติการเลือกดูของคุณ","searchName":"ล้างประวัติการเลือกดูของคุณใน Safari"},"ibrw979a931f":{"name":"อ่านบทความแบบออฟไลน์"},"ibrw1018":{"name":"พิจารณาองค์ประกอบหน้าเว็บและกิจกรรม","searchName":"พิจารณาองค์ประกอบหน้าเว็บและกิจกรรมโดยใช้ Safari"},"ibrw1041":{"name":"หากที่คั่นหน้าหายไปจากแถบรายการโปรด","searchName":"หากที่คั่นหน้าหายไปจากแถบรายการโปรดของ Safari"},"ibrwe2159f50":{"name":"การตั้งค่าเว็บไซต์","searchName":"การตั้งค่าเว็บไซต์ใน Safari"},"sfri21978704":{"name":"cookies and website data","categories":["aside"]},"ibrw1068":{"name":"ซูมเข้าบนหน้าเว็บ","searchName":"ซูมเข้าบนหน้าเว็บโดยใช้ Safari"},"cpsh003":{"name":"แป้นพิมพ์และปุ่มลัดอื่น ๆ"},"ibrw1020":{"name":"ตั้งค่าโฮมเพจของคุณ","searchName":"ตั้งค่าโฮมเพจใน Safari"},"sfri264b84ab":{"name":"force click","categories":["aside"]},"glosc8aef3dc":{"name":"Touch ID","categories":["aside"]},"ibrwe75c2a3c":{"name":"เปลี่ยนตัวเลือกการค้นหา","searchName":"เปลี่ยนตัวเลือกการค้นหาโดยใช้ Safari"},"sfrid73436cb":{"name":"ค้นหาสิ่งที่คุณกำลังมองหาอยู่","searchName":"ค้นหาสิ่งที่คุณกำลังมองหาอยู่ใน Safari"},"sfri40732":{"name":"ป้องกันการติดตาม","searchName":"ขอไม่ให้เว็บไซต์ติดตามคุณใน Safari"},"sfri11861":{"name":"การแก้ไขปัญหา"},"ibrw1005":{"name":"เข้าไปที่เว็บไซต์","searchName":"ไปที่เว็บไซต์โดยใช้ Safari"},"sfria1042d31":{"name":"การตั้งค่าการค้นหา","searchName":"การตั้งค่าการค้นหาใน Safari"},"ibrw74269f2c":{"name":"Smart Search field","categories":["aside"]},"ibrw1031":{"name":"หากหน้าเว็บดูผิดเพี้ยน","searchName":"หากหน้าเว็บดูผิดเพี้ยนใน Safari"},"ibrwa005":{"name":"การตั้งค่าป้อนอัตโนมัติ","searchName":"การตั้งค่าป้อนอัตโนมัติใน Safari"}},"copyright_text":"ลิขสิทธิ์ © 2017 Apple Inc.สงวนลิขสิทธิ์"}