{"css":"","framework":"duck-10.2.11","title":"Ajutor Safari","build_id":"596cf88709462262265512e9","quick_links":[],"icon":"..\/SharedGlobalArt\/AppIconDefault_Safari.png","sections":{"ibrw8586170f":{"name":"Confidențialitate și securitate","children":["sfri11471","sfri40696","sfri47acf5d6","ibrw1069","sfri40697","sfri40732"]},"ibrwdcc86085":{"name":"Navigarea pe web","children":["ibrw1005","sfrid73436cb","sfri40726","sfri22092","ibrw1039","sfri11576","ibrw0495694f","ibrw27291639","ibrwae910b47"]},"ibrwc2a4c26f":{"name":"Personalizarea Safari","children":["ibrw1020","ibrw1012","ibrw933b3c1f","ibrwa008","ibrw1068","sfri32508","ibrw1015"]},"ibrwf52aedab":{"name":"Citirea articolelor și linkurilor partajate","children":["sfri35905","sfri32632","ibrw979a931f"]},"ibrw201dc86d":{"name":"Descărcarea, partajarea și salvarea conținutului","children":["sfri40598","sfri40722","sfri40785","ibrw1089","ibrw1060"]},"ibrw8eb4666f":{"name":"Efectuarea cumpărăturilor online","children":["ibrw8e207504","ibrw1103"]}},"birdseed_version":5,"toc":["sfri35862","ibrwdcc86085","ibrw8eb4666f","ibrwf52aedab","ibrw201dc86d","ibrwc2a4c26f","ibrw8586170f","cpsh003","sfri11861"],"locale":"ro","version":"10.0","source_schema":"apd-schema","enable_tracking":false,"platform":"mac","build_date":"2017.07.17-11:01:40","landing":"sfri35476","product":"safari","urls":{},"copyright":"","show_previous_next":false,"topics":{"sfri35862":{"name":"Prezentare generală Safari"},"ibrw1118":{"name":"Dacă funcționalitățile Safari nu sunt disponibile sau vi se solicită o parolă"},"ibrwa008":{"name":"Configurarea Safari ca browser web implicit"},"sfri40724":{"name":"Preferințe Notificări","searchName":"Preferințe Notificări în Safari"},"ibrw933b3c1f":{"name":"Personalizarea navigării pentru site-uri web individuale"},"sfri35610":{"name":"Preferințe Confidențialitate","searchName":"Preferințe Confidențialitate în Safari"},"ibrw1060":{"name":"Tipărirea paginilor web","searchName":"Tipărirea paginilor web din Safari"},"ibrw27291639":{"name":"Redarea clipurilor video web"},"ibrwae910b47":{"name":"Tăierea sonorului în file","searchName":"Tăierea sonorului în filele Safari."},"sfri35905":{"name":"Păstrarea unei liste de lecturi","searchName":"Păstrarea unei liste de lecturi în Safari"},"sfri40599":{"name":"Preferințe Parole","searchName":"Preferințe Parole în Safari"},"ibrw1066":{"name":"Despre certificate și site-uri web criptate","searchName":"Despre certificate și site-uri web criptate în Safari"},"sfri78488bc1":{"name":"administrator","categories":["aside"]},"ibrw1069":{"name":"Utilizarea de ferestre de Navigare privată","searchName":"Utilizarea de ferestre de Navigare privată în Safari"},"ibrw1045":{"name":"Preferințe File","searchName":"Preferințe File în Safari"},"sfri4f24ca1c":{"name":"Dacă Safari afișează o alertă de securitate WebGL"},"ibrw1071":{"name":"Dacă Safari nu poate deschide un site web"},"ibrw1074":{"name":"Preferințele Securitate","searchName":"Preferințele Securitate în Safari"},"ibrw1113":{"name":"Îmbunătățirea căutărilor dvs. pe web","searchName":"Îmbunătățirea căutărilor dvs. pe web utilizând Safari"},"sfri32508":{"name":"Utilizarea extensiilor Safari"},"ibrw051607b8":{"name":"Simularea dispozitivelor Apple","searchName":"Simularea dispozitivelor Apple în Safari"},"sfri40734":{"name":"Gestionarea notificărilor site-urilor web","searchName":"Gestionare notificărilor site-urilor web utilizând Safari"},"ibrw1053":{"name":"Configurarea unui server proxy","searchName":"Configurarea unui server proxy cu Safari"},"ibrw1077":{"name":"Dacă Safari nu poate deschide o fereastră"},"sfri40785":{"name":"Adăugarea tichetelor în Wallet","searchName":"Adăugarea tichetelor în Wallet folosind Safari"},"sfri43593":{"name":"Dacă un site web are conținut de plug-in","searchName":"Dacă un site web are conținut de plug-in Safari"},"sfri40697":{"name":"Identificarea site-urilor web criptate și evitarea fraudelor","searchName":"Identificarea site-urilor web criptate și evitarea fraudelor cu ajutorul Safari"},"ibrw1009":{"name":"Revizitarea paginilor web","searchName":"Revizitarea paginilor web utilizând istoricul Safari"},"ibrw1032":{"name":"Dacă o pagină web nu funcționează integral","searchName":"Dacă o pagină web nu funcționează integral în Safari"},"ibrwa006":{"name":"Dacă Safari nu poate descărca un articol de pe web"},"sfri563ecfdc":{"name":"Safari Suggestions","categories":["aside"]},"sfri4b415f9c":{"name":"Dacă un site web are grafică WebGL","searchName":"Dacă un site web are grafică WebGL în Safari"},"ibrw53c401e7":{"name":"Vizualizarea paginii Top site-uri","searchName":"Vizualizarea paginii Top site‑uri în Safari"},"sfri5bcd1b2e":{"name":"malware","categories":["aside"]},"sfri40598":{"name":"Descărcarea articolelor de pe web","searchName":"Descărcarea articolelor de pe web utilizând Safari"},"sfri40726":{"name":"Consultarea paginilor web deschise pe celelalte dispozitive ale dvs.","searchName":"Consultarea paginilor web deschise în Safari pe celelalte dispozitive ale dvs."},"ibrw1100":{"name":"Dacă auto-completarea nu funcționează","searchName":"Dacă auto-completarea nu funcționează în Safari"},"glosbabd4062":{"name":"Touch Bar","categories":["aside"]},"ibrw0495694f":{"name":"Fixarea site‑urilor web vizitate frecvent"},"ibrw1103":{"name":"Utilizarea Auto-completare","searchName":"Folosirea funcției Auto‑completare pentru carduri de credit, contacte și parole în Safari"},"ibrw1090":{"name":"Vizualizarea fișierelor PDF","searchName":"Vizualizarea fișierelor PDF cu Safari"},"sfri22092":{"name":"Vizualizare Favorite","searchName":"Vizualizarea paginii Preferate în Safari"},"sfri35476":{"name":"Ajutor Safari","href":"sfri35476.html","categories":["landing"]},"sfri20879":{"name":"Bazele de date stocate pe computerul dvs.","searchName":"Bazele de date stocate pe computerul dvs. utilizând Safari"},"glosbdc8e694":{"name":"Apple ID","categories":["aside"]},"sfri35922":{"name":"Dacă Safari întâmpină o eroare la afișarea unei pagini web"},"ibrw1072":{"name":"Preferințe generale","searchName":"Preferințe generale în Safari"},"sfri32632":{"name":"Citirea ordonată a articolelor","searchName":"Citirea ordonată a articolelor cu Safari Reader"},"sfri27594":{"name":"Dacă trebuie să ștergeți un plug-in","searchName":"Dacă trebuie să eliminați un plug-in Safari"},"ibrw1075":{"name":"Preferințe avansate","searchName":"Preferințe avansate în Safari"},"ibrwa001":{"name":"De ce se blochează ferestrele pop-up?","searchName":"De ce se blochează ferestrele pop-up în paginile web din Safari?"},"ibrw1114":{"name":"Căutarea în istoricul dvs. de navigare","searchName":"Căutarea în istoricul dvs. de navigare pe web utilizând Safari"},"sfri40696":{"name":"Blocarea ferestrelor pop-up și a conținutului inutil","searchName":"Blocarea ferestrelor pop-up și a conținutului inutil în Safari"},"sfri40722":{"name":"Partajarea, tweetuirea sau postarea paginilor web","searchName":"Partajarea, tweetuirea sau postarea paginilor web utilizând Safari"},"sfri20948":{"name":"Utilizarea meniului Dezvoltare Safari"},"ibrw1117":{"name":"Dacă Safari nu poate salva o parolă"},"ibrw1080":{"name":"Alegerea site-urilor web pe care le pot vizualiza utilizatorii","searchName":"Alegerea site-urilor web pe care le pot vizualiza utilizatorii în Safari"},"ibrw8e207504":{"name":"Plata cu Apple Pay","searchName":"Plătiți cu Apple Pay în Safari"},"ibrw1033":{"name":"Dacă Safari nu afișează imaginile paginii web"},"ibrwa007":{"name":"Dacă încercaţi să utilizaţi Safari cât timp sunteţi offline","href":"ibrwa007.html","summary":"Mac-ul dvs. trebuie să fie conectat la Internet pentru a accesa o pagină web folosind Safari, în afara cazului în care ați adăugat pagina la lista dvs. de lecturi cât timp erați online."},"sfri35826":{"name":"Utilizarea contului dvs. de Internet cu alte aplicații macOS"},"sfri32153":{"name":"Preferințele Extensii","searchName":"Preferințe Extensii în Safari"},"sfri11471":{"name":"Gestionarea cookie-urilor și datelor site-urilor web","searchName":"Gestionarea cookie-urilor și datelor site-urilor web care utilizează Safari"},"ibrw1012":{"name":"Personalizarea ferestrei Safari"},"ibrw1036":{"name":"Dacă lipsește un plug-in","searchName":"Dacă lipsește un plug-in Safari"},"ibrw1039":{"name":"Utilizarea favoritelor","searchName":"Utilizarea favoritelor în Safari"},"ibrw1015":{"name":"Importarea semnelor de carte și istoricului","searchName":"Importul în Safari din alte browsere al semnelor de carte și al istoricului"},"sfri11576":{"name":"Vizualizarea paginilor web în file","searchName":"Vizualizarea paginilor web în file utilizând Safari"},"sfri21236":{"name":"Dacă o pagină web criptată nu se deschide","searchName":"Dacă o pagină web criptată nu se deschide în Safari"},"ibrw1089":{"name":"Salvarea paginilor web","searchName":"Salvarea paginilor web cu ajutorul Safari"},"sfri47acf5d6":{"name":"Ștergerea istoricului dvs. de navigare","searchName":"Ștergerea istoricului dvs. de navigare din Safari"},"ibrw979a931f":{"name":"Citirea articolelor offline"},"ibrw1018":{"name":"Examinarea elementelor unei pagini web şi a activităţii","searchName":"Examinarea elementelor unei pagini web şi a activităţii utilizând Safari"},"ibrw1041":{"name":"Dacă lipsesc favorite din bara Preferate","searchName":"Dacă lipsesc semnele de carte din bara de Preferate din Safari"},"ibrwe2159f50":{"name":"Preferințele Site web","searchName":"Preferințele Site web în Safari"},"sfri21978704":{"name":"cookies and website data","categories":["aside"]},"ibrw1068":{"name":"Utilizarea funcției zoom în paginile web","searchName":"Utilizarea funcției zoom în paginile web utilizând Safari"},"cpsh003":{"name":"Scurtături din tastatură și alte scurtături"},"ibrw1020":{"name":"Configurarea paginii de reședință","searchName":"Configurarea paginii de reședință în Safari"},"sfri264b84ab":{"name":"force click","categories":["aside"]},"glosc8aef3dc":{"name":"Touch ID","categories":["aside"]},"ibrwe75c2a3c":{"name":"Modificarea opţiunilor de căutare","searchName":"Modificarea opţiunilor de căutare utilizând Safari"},"sfrid73436cb":{"name":"Găsiți ceea ce căutați","searchName":"Găsiți ceea ce căutați în Safari"},"sfri40732":{"name":"Împiedicarea urmăririi","searchName":"Solicitarea neurmăririi dvs. de către site-urile web în Safari"},"sfri11861":{"name":"Depanare"},"ibrw1005":{"name":"Accesarea site-urilor web","searchName":"Accesarea site-urilor web folosind Safari"},"sfria1042d31":{"name":"Preferințele Căutare","searchName":"Preferințele Căutare în Safari"},"ibrw74269f2c":{"name":"Smart Search field","categories":["aside"]},"ibrw1031":{"name":"Dacă o pagină web este deformată","searchName":"Dacă o pagină web este deformată în Safari"},"ibrwa005":{"name":"Preferințe Auto‑completare","searchName":"Preferințe Auto‑completare în Safari"}},"copyright_text":"Copyright © 2017 Apple Inc. Toate drepturile rezervate."}