{"css":"","framework":"duck-10.2.11","title":"Aide Safari","build_id":"596cf886094622bf5f55176b","quick_links":[],"icon":"..\/SharedGlobalArt\/AppIconDefault_Safari.png","sections":{"ibrw8586170f":{"name":"Confidentialité et sécurité","children":["sfri11471","sfri40696","sfri47acf5d6","ibrw1069","sfri40697","sfri40732"]},"ibrwdcc86085":{"name":"Naviguer sur le web","children":["ibrw1005","sfrid73436cb","sfri40726","sfri22092","ibrw1039","sfri11576","ibrw0495694f","ibrw27291639","ibrwae910b47"]},"ibrwc2a4c26f":{"name":"Personnaliser Safari","children":["ibrw1020","ibrw1012","ibrw933b3c1f","ibrwa008","ibrw1068","sfri32508","ibrw1015"]},"ibrwf52aedab":{"name":"Lire des articles et des liens partagés","children":["sfri35905","sfri32632","ibrw979a931f"]},"ibrw201dc86d":{"name":"Télécharger, partager et enregistrer du contenu","children":["sfri40598","sfri40722","sfri40785","ibrw1089","ibrw1060"]},"ibrw8eb4666f":{"name":"Acheter sur le web","children":["ibrw8e207504","ibrw1103"]}},"birdseed_version":5,"toc":["sfri35862","ibrwdcc86085","ibrw8eb4666f","ibrwf52aedab","ibrw201dc86d","ibrwc2a4c26f","ibrw8586170f","cpsh003","sfri11861"],"locale":"fr","version":"10.0","source_schema":"apd-schema","enable_tracking":false,"platform":"mac","build_date":"2017.07.17-12:03:19","landing":"sfri35476","product":"safari","urls":{},"copyright":"","show_previous_next":false,"topics":{"sfri35862":{"name":"Vue d’ensemble de Safari"},"ibrw1118":{"name":"Si les fonctions de Safari ne sont pas accessibles ou si le système vous demande un mot de passe"},"ibrwa008":{"name":"Définir Safari comme navigateur web par défaut"},"sfri40724":{"name":"Préférences Notifications","searchName":"Préférences Notifications dans Safari"},"ibrw933b3c1f":{"name":"Personnaliser la navigation pour des sites web"},"sfri35610":{"name":"Préférences Confidentialité","searchName":"Préférences Confidentialité dans Safari"},"ibrw1060":{"name":"Imprimer des pages web","searchName":"Imprimer des pages web depuis Safari"},"ibrw27291639":{"name":"Lire des vidéos web"},"ibrwae910b47":{"name":"Couper le son d’un onglet","searchName":"Couper le son dans les onglets Safari"},"sfri35905":{"name":"Conserver une liste de lecture","searchName":"Conserver une liste de lecture dans Safari"},"sfri40599":{"name":"Préférences Mot de passe","searchName":"Préférences Mots de passe dans Safari"},"ibrw1066":{"name":"À propos des certificats et des sites web chiffrés","searchName":"À propos des certificats et des sites web chiffrés dans Safari"},"sfri78488bc1":{"name":"administrator","categories":["aside"]},"ibrw1069":{"name":"Utiliser les fenêtres de navigation privée","searchName":"Utiliser les fenêtres de navigation privée dans Safari"},"ibrw1045":{"name":"Préférences Onglets","searchName":"Préférences Onglets dans Safari"},"sfri4f24ca1c":{"name":"Si Safari affiche une alerte de sécurité WebGL"},"ibrw1071":{"name":"Si Safari ne parvient pas à ouvrir un site web"},"ibrw1074":{"name":"Préférences Sécurité","searchName":"Préférences Sécurité dans Safari"},"ibrw1113":{"name":"Améliorer vos recherches web","searchName":"Améliorer vos recherches web à l’aide de Safari"},"sfri32508":{"name":"Utiliser des extensions Safari"},"ibrw051607b8":{"name":"Simuler des appareils Apple","searchName":"Simuler des appareils Apple dans Safari"},"sfri40734":{"name":"Gérer les notifications des sites web","searchName":"Gérer les notifications des sites web avec Safari"},"ibrw1053":{"name":"Configurer un serveur proxy","searchName":"Configurer un serveur proxy à l’aide de Safari"},"ibrw1077":{"name":"Si Safari ne parvient pas à ouvrir une fenêtre"},"sfri40785":{"name":"Ajouter des billets, cartes et coupons à Wallet","searchName":"Ajouter des billets à Wallet avec Safari"},"sfri43593":{"name":"Si un site possède des données faisant appel à un module","searchName":"Si un site web possède des données faisant appel à un module Safari"},"sfri40697":{"name":"Identifier les sites web chiffrés et éviter les fraudes","searchName":"Identifier les sites web chiffrés et éviter les fraudes avec Safari"},"ibrw1009":{"name":"Retourner sur des pages web déjà visitées","searchName":"Retourner sur des pages web déjà visitées avec l’historique de Safari"},"ibrw1032":{"name":"Si les fonctionnalités d’une page web ne fonctionnent pas","searchName":"Si les fonctionnalités d’une page web ne fonctionnent pas dans Safari"},"ibrwa006":{"name":"Si Safari ne parvient pas à télécharger un élément depuis le Web"},"sfri563ecfdc":{"name":"Safari Suggestions","categories":["aside"]},"sfri4b415f9c":{"name":"Si un site web présente des graphiques WebGL","searchName":"Si un site web présente des graphiques WebGL dans Safari"},"ibrw53c401e7":{"name":"Afficher vos Meilleurs sites","searchName":"Afficher la page Meilleurs sites de Safari"},"sfri5bcd1b2e":{"name":"malware","categories":["aside"]},"sfri40598":{"name":"Télécharger des éléments depuis le Web","searchName":"Télécharger des éléments depuis le Web avec Safari"},"sfri40726":{"name":"Consulter les pages web ouvertes sur vos autres appareils","searchName":"Consulter les pages web ouvertes dans Safari sur vos autres appareils"},"ibrw1100":{"name":"Si le remplissage automatique ne fonctionne pas","searchName":"Si le remplissage automatique ne fonctionne pas dans Safari"},"glosbabd4062":{"name":"Touch Bar","categories":["aside"]},"ibrw0495694f":{"name":"Épingler les sites fréquemment visités"},"ibrw1103":{"name":"Utiliser la fonctionnalité Remplissage automatique","searchName":"Utiliser le remplissage automatique pour les cartes bancaires, les contacts et les mots de passe dans Safari"},"ibrw1090":{"name":"Afficher des fichiers PDF","searchName":"Afficher des fichiers PDF dans Safari"},"sfri22092":{"name":"Afficher les favoris","searchName":"Afficher la page des favoris de Safari"},"sfri35476":{"name":"Aide Safari","href":"sfri35476.html","categories":["landing"]},"sfri20879":{"name":"Bases de données stockées sur votre ordinateur","searchName":"Bases de données stockées sur votre ordinateur via Safari"},"glosbdc8e694":{"name":"Apple ID","categories":["aside"]},"sfri35922":{"name":"Si Safari rencontre une erreur d’affichage sur une page web"},"ibrw1072":{"name":"Préférences Générales","searchName":"Préférences Général dans Safari"},"sfri32632":{"name":"Lire des articles sans contenu superflu","searchName":"Lire des articles sans contenu superflu avec le lecteur Safari"},"sfri27594":{"name":"Si vous devez supprimer un module","searchName":"Si vous devez supprimer un module Safari"},"ibrw1075":{"name":"Préférences Avancé","searchName":"Préférences Avancées dans Safari"},"ibrwa001":{"name":"À propos du blocage des fenêtres surgissantes","searchName":"À propos du blocage des fenêtres locales sur les pages web dans Safari"},"ibrw1114":{"name":"Effectuer une recherche dans l’historique de navigation","searchName":"Effectuer une recherche dans l’historique de navigation web avec Safari"},"sfri40696":{"name":"Bloquer les menus locaux et le contenu inutile","searchName":"Bloquer les menus locaux et le contenu inutile dans Safari"},"sfri40722":{"name":"Partager, tweeter ou publier des pages web","searchName":"Partager, tweeter ou publier des pages web avec Safari"},"sfri20948":{"name":"Utilisez le menu Développement de Safari"},"ibrw1117":{"name":"Si Safari ne parvient pas à enregistrer un mot de passe"},"ibrw1080":{"name":"Sélectionner des sites web que les utilisateurs peuvent afficher","searchName":"Sélectionner des sites web que les utilisateurs peuvent afficher dans Safari"},"ibrw8e207504":{"name":"Payer avec Apple Pay","searchName":"Effectuer des achats à l’aide d’Apple Pay dans Safari"},"ibrw1033":{"name":"Si Safari n’affiche pas les images d’une page web"},"ibrwa007":{"name":"Si vous essayez d’utiliser Safari alors que vous êtes hors ligne","href":"ibrwa007.html","summary":"Vous devez connecter votre Mac à Internet pour accéder à une page web dans Safari, sauf si vous avez ajouté cette page à votre liste de lecture lorsque vous étiez en ligne."},"sfri35826":{"name":"Utiliser votre compte Internet avec d’autres apps macOS"},"sfri32153":{"name":"Préférences liées aux extensions","searchName":"Préférences Extensions dans Safari"},"sfri11471":{"name":"Gérer les cookies et les données de sites web","searchName":"Gérer les cookies et les données de sites web avec Safari"},"ibrw1012":{"name":"Personnaliser la fenêtre Safari"},"ibrw1036":{"name":"Module manquant","searchName":"Module Safari manquant"},"ibrw1039":{"name":"Utiliser des signets","searchName":"Utiliser des signets dans Safari"},"ibrw1015":{"name":"Importer des signets et un historique","searchName":"Importer des signets et des historiques d’autres navigateurs dans Safari"},"sfri11576":{"name":"Afficher des pages web dans des onglets","searchName":"Afficher des pages web dans des onglets avec Safari"},"sfri21236":{"name":"Si une page web chiffrée ne s’ouvre pas","searchName":"Si une page web chiffrée ne s’ouvre pas dans Safari"},"ibrw1089":{"name":"Enregistrer des pages web","searchName":"Enregistrer des pages web avec Safari"},"sfri47acf5d6":{"name":"Effacer votre historique de navigation","searchName":"Effacer votre historique de navigation dans Safari"},"ibrw979a931f":{"name":"Lire des articles hors ligne"},"ibrw1018":{"name":"Examiner des éléments et des activités de page web","searchName":"Examiner des éléments et des activités de page web avec Safari"},"ibrw1041":{"name":"Si des signets manquent dans la barre des favoris","searchName":"Si des signets manquent dans la barre des favoris Safari"},"ibrwe2159f50":{"name":"Préférences des sites web","searchName":"Préférences des sites web dans Safari"},"sfri21978704":{"name":"cookies and website data","categories":["aside"]},"ibrw1068":{"name":"Effectuer un zoom avant sur des pages web","searchName":"Effectuer un zoom avant sur des pages web à l’aide de Safari"},"cpsh003":{"name":"Raccourcis clavier et autres raccourcis"},"ibrw1020":{"name":"Configurer votre page d’accueil","searchName":"Configurer votre page d’accueil dans Safari"},"sfri264b84ab":{"name":"force click","categories":["aside"]},"glosc8aef3dc":{"name":"Touch ID","categories":["aside"]},"ibrwe75c2a3c":{"name":"Modifier des options de recherche","searchName":"Modifier des options de recherche avec Safari"},"sfrid73436cb":{"name":"Trouver ce que vous cherchez","searchName":"Trouver ce que vous cherchez dans Safari"},"sfri40732":{"name":"Empêcher le suivi des activités","searchName":"Demander aux sites web de ne pas suivre vos activités dans Safari"},"sfri11861":{"name":"Dépannage"},"ibrw1005":{"name":"Accéder à des sites web","searchName":"Accéder à des sites web à l’aide de Safari"},"sfria1042d31":{"name":"Préférences Recherche","searchName":"Préférences Recherche dans Safari"},"ibrw74269f2c":{"name":"Smart Search field","categories":["aside"]},"ibrw1031":{"name":"Si une page web s’affiche mal","searchName":"Si une page web s’affiche mal dans Safari"},"ibrwa005":{"name":"Préférences de remplissage automatique","searchName":"Préférences de remplissage automatique dans Safari"}},"copyright_text":"Copyright © 2017 Apple Inc. Tous droits réservés."}