{"css":"","framework":"duck-10.2.11","title":"Hjelp for Safari","build_id":"596cf88409462262265512c5","quick_links":[],"icon":"..\/SharedGlobalArt\/AppIconDefault_Safari.png","sections":{"ibrw8586170f":{"name":"Personvern og sikkerhet","children":["sfri11471","sfri40696","sfri47acf5d6","ibrw1069","sfri40697","sfri40732"]},"ibrwdcc86085":{"name":"Surf på nettet","children":["ibrw1005","sfrid73436cb","sfri40726","sfri22092","ibrw1039","sfri11576","ibrw0495694f","ibrw27291639","ibrwae910b47"]},"ibrwc2a4c26f":{"name":"Tilpass Safari","children":["ibrw1020","ibrw1012","ibrw933b3c1f","ibrwa008","ibrw1068","sfri32508","ibrw1015"]},"ibrwf52aedab":{"name":"Les artikler og delte koblinger","children":["sfri35905","sfri32632","ibrw979a931f"]},"ibrw201dc86d":{"name":"Last ned, del og arkiver innhold","children":["sfri40598","sfri40722","sfri40785","ibrw1089","ibrw1060"]},"ibrw8eb4666f":{"name":"Handle på nettet","children":["ibrw8e207504","ibrw1103"]}},"birdseed_version":5,"toc":["sfri35862","ibrwdcc86085","ibrw8eb4666f","ibrwf52aedab","ibrw201dc86d","ibrwc2a4c26f","ibrw8586170f","cpsh003","sfri11861"],"locale":"nb","version":"10.0","source_schema":"apd-schema","enable_tracking":false,"platform":"mac","build_date":"2017.07.17-10:59:25","landing":"sfri35476","product":"safari","urls":{},"copyright":"","show_previous_next":false,"topics":{"sfri35862":{"name":"Oversikt over Safari"},"ibrw1118":{"name":"Hvis Safari-funksjoner ikke er tilgjengelig, eller du blir bedt om å oppgi et passord"},"ibrwa008":{"name":"Velg Safari som standardnettleser"},"sfri40724":{"name":"Varslinger-valg","searchName":"Varslinger-valg i Safari"},"ibrw933b3c1f":{"name":"Tilpass nettleseren for enkelte nettsteder"},"sfri35610":{"name":"Personvern-valg","searchName":"Personvern-valg i Safari"},"ibrw1060":{"name":"Skriv ut nettsider","searchName":"Skriv ut nettsider fra Safari"},"ibrw27291639":{"name":"Spill av nettvideoer"},"ibrwae910b47":{"name":"Slå av lyden fra faner","searchName":"Slå av lyden fra Safari-faner"},"sfri35905":{"name":"Bruk en leseliste","searchName":"Bruk en leseliste i Safari"},"sfri40599":{"name":"Passordvalg","searchName":"Passordvalg i Safari"},"ibrw1066":{"name":"Om sertifikater og krypterte nettsteder","searchName":"Om sertifikater og krypterte nettsteder i Safari"},"sfri78488bc1":{"name":"administrator","categories":["aside"]},"ibrw1069":{"name":"Bruk Privat nettlesing-vinduer","searchName":"Bruk Privat nettlesing-vinduer i Safari"},"ibrw1045":{"name":"Fane-valg","searchName":"Fane-valg i Safari"},"sfri4f24ca1c":{"name":"Hvis Safari viser en WebGL-sikkerhetsadvarsel"},"ibrw1071":{"name":"Hvis Safari ikke kan åpne et nettsted"},"ibrw1074":{"name":"Sikkerhet-valg","searchName":"Sikkerhet-valg i Safari"},"ibrw1113":{"name":"Forbedre Internett-søkene","searchName":"Forbedre Internett-søkene med Safari"},"sfri32508":{"name":"Bruk Safari-utvidelser"},"ibrw051607b8":{"name":"Simuler Apple-enheter","searchName":"Simuler Apple-enheter i Safari"},"sfri40734":{"name":"Administrer nettstedvarslinger","searchName":"Administrer nettstedvarslinger ved hjelp av Safari"},"ibrw1053":{"name":"Konfigurer en proxytjener","searchName":"Konfigurer en proxytjener ved hjelp av Safari"},"ibrw1077":{"name":"Hvis Safari ikke kan åpne et vindu"},"sfri40785":{"name":"Legg til kort i Wallet","searchName":"Legg til kort i Wallet med Safari"},"sfri43593":{"name":"Hvis et nettsted har innhold som krever programtillegg","searchName":"Hvis et nettsted har innhold som krever et Safari-programtillegg"},"sfri40697":{"name":"Identifiser krypterte nettsteder og unngå svindel","searchName":"Identifiser krypterte nettsteder og unngå svindel ved hjelp av Safari"},"ibrw1009":{"name":"Gå tilbake til nettsider","searchName":"Gå tilbake til sider ved hjelp av Safari-loggen"},"ibrw1032":{"name":"Hvis funksjoner på en nettside ikke fungerer","searchName":"Hvis funksjoner på en nettside ikke fungerer i Safari"},"ibrwa006":{"name":"Hvis Safari ikke kan laste ned et objekt fra Internett"},"sfri563ecfdc":{"name":"Safari Suggestions","categories":["aside"]},"sfri4b415f9c":{"name":"Hvis et nettsted har WebGL-grafikk","searchName":"Hvis et nettsted har WebGL-grafikk i Safari"},"ibrw53c401e7":{"name":"Vis Toppsider","searchName":"Vis Safari Toppsider-siden"},"sfri5bcd1b2e":{"name":"malware","categories":["aside"]},"sfri40598":{"name":"Last ned objekter fra Internett","searchName":"Last ned objekter fra nettet ved hjelp av Safari"},"sfri40726":{"name":"Se nettsidene som er åpne på dine andre enheter","searchName":"Se nettsidene som er åpne i Safari på dine andre enheter"},"ibrw1100":{"name":"Hvis Autoutfyll ikke virker","searchName":"Hvis Autoutfyll ikke virker i Safari"},"glosbabd4062":{"name":"Touch Bar","categories":["aside"]},"ibrw0495694f":{"name":"Fest ofte besøkte nettsteder"},"ibrw1103":{"name":"Bruk Autoutfyll","searchName":"Bruk Autoutfyll for kredittkort, kontakter og passord i Safari"},"ibrw1090":{"name":"Vis PDF-filer","searchName":"Vis PDF-filer med Safari"},"sfri22092":{"name":"Vis Favoritter","searchName":"Vis siden med Safari-favoritter"},"sfri35476":{"name":"Hjelp for Safari","href":"sfri35476.html","categories":["landing"]},"sfri20879":{"name":"Databaser som er arkivert på datamaskinen","searchName":"Databaser som er arkivert på datamaskinen ved hjelp av Safari"},"glosbdc8e694":{"name":"Apple ID","categories":["aside"]},"sfri35922":{"name":"Hvis Safari får en feil ved visning av en nettside"},"ibrw1072":{"name":"Generelt-valg","searchName":"Generelt-valg i Safari"},"sfri32632":{"name":"Les artikler uten forstyrrelser","searchName":"Les artikler uten forstyrrelser med Leser-funksjonen i Safari"},"sfri27594":{"name":"Hvis du må fjerne et programtillegg","searchName":"Hvis du må fjerne et Safari-programtillegg"},"ibrw1075":{"name":"Avansert-valg","searchName":"Avansert-valg i Safari"},"ibrwa001":{"name":"Hvorfor bør du blokkere popupvinduer?","searchName":"Hvorfor bør du blokkere popupvinduer i Safari?"},"ibrw1114":{"name":"Søk i loggen","searchName":"Søk i nettloggen med Safari"},"sfri40696":{"name":"Blokker popupvinduer og unødvendig innhold","searchName":"Blokker popupvinduer og unødvendig innhold i Safari"},"sfri40722":{"name":"Del, tweet eller publiser nettsider","searchName":"Del, tweet eller publiser nettsider ved hjelp av Safari"},"sfri20948":{"name":"Bruk Utvikle-menyen i Safari"},"ibrw1117":{"name":"Hvis Safari ikke kan arkivere et passord"},"ibrw1080":{"name":"Velg hvilke nettsteder brukerne kan vise","searchName":"Velg hvilke nettsteder brukerne kan vise i Safari"},"ibrw8e207504":{"name":"Kjøp med Apple Pay","searchName":"Handle med Apple Pay i Safari"},"ibrw1033":{"name":"Hvis Safari ikke viser nettsidebilder"},"ibrwa007":{"name":"Hvis du prøver å bruke Safari i frakoblet modus","href":"ibrwa007.html","summary":"Macen må være koblet til Internett hvis du vil gå til en nettside ved hjelp av Safari, med mindre du har lagt til siden i Leseliste mens du var koblet til Internett."},"sfri35826":{"name":"Bruk Internett-kontoen din med andre macOS-programmer"},"sfri32153":{"name":"Tillegg-valg","searchName":"Tillegg-valg i Safari"},"sfri11471":{"name":"Administrer informasjonskapsler og nettsteddata","searchName":"Administrer informasjonskapsler og nettsteddata ved hjelp av Safari"},"ibrw1012":{"name":"Tilpass Safari-vinduet"},"ibrw1036":{"name":"Hvis et programtillegg mangler","searchName":"Hvis et Safari-programtillegg mangler"},"ibrw1039":{"name":"Bruk bokmerker","searchName":"Bruk bokmerker i Safari"},"ibrw1015":{"name":"Importer bokmerker og logg","searchName":"Importer bokmerker og logg til Safari fra andre nettlesere"},"sfri11576":{"name":"Vis nettsider i faner","searchName":"Vis nettsider i faner med Safari"},"sfri21236":{"name":"Hvis du ikke får åpnet en kryptert nettside","searchName":"Hvis du ikke får åpnet en kryptert nettside i Safari"},"ibrw1089":{"name":"Arkiver nettsider","searchName":"Arkiver nettsider med Safari"},"sfri47acf5d6":{"name":"Slett nettlesingsloggen","searchName":"Slett nettlesingsloggen i Safari"},"ibrw979a931f":{"name":"Les artikler i frakoblet modus"},"ibrw1018":{"name":"Undersøk nettsideelementer og aktivitet","searchName":"Undersøk nettsideelementer og aktivitet med Safari"},"ibrw1041":{"name":"Hvis bokmerker mangler i favorittlinjen","searchName":"Hvis det mangler bokmerker i favorittlinjen i Safari"},"ibrwe2159f50":{"name":"Nettsted-valg","searchName":"Nettsted-valg i Safari"},"sfri21978704":{"name":"cookies and website data","categories":["aside"]},"ibrw1068":{"name":"Zoom inn på nettsider","searchName":"Zoom inn på nettsider med Safari"},"cpsh003":{"name":"Tastatursnarveier og andre snarveier"},"ibrw1020":{"name":"Angi startside","searchName":"Velg startside i Safari"},"sfri264b84ab":{"name":"force click","categories":["aside"]},"glosc8aef3dc":{"name":"Touch ID","categories":["aside"]},"ibrwe75c2a3c":{"name":"Endre søkevalg","searchName":"Endre søkevalg i Safari"},"sfrid73436cb":{"name":"Finn det du leter etter","searchName":"Finn det du leter etter i Safari"},"sfri40732":{"name":"Forhindre sporing","searchName":"Be nettsteder om å ikke spore deg i Safari"},"sfri11861":{"name":"Feilsøking"},"ibrw1005":{"name":"Gå til nettsteder","searchName":"Gå til nettsteder med Safari"},"sfria1042d31":{"name":"Søk-valg","searchName":"Søk-valg i Safari"},"ibrw74269f2c":{"name":"Smart Search field","categories":["aside"]},"ibrw1031":{"name":"Hvis en nettside vises feil","searchName":"Hvis en nettside vises feil i Safari"},"ibrwa005":{"name":"Autoutfyll-valg","searchName":"Autoutfyll-valg i Safari"}},"copyright_text":"Copyright © 2017 Apple Inc. Alle rettigheter forbeholdes."}