{"css":"","framework":"duck-10.2.11","title":"Hjælp til Safari","build_id":"596cf885094622bf5f551765","quick_links":[],"icon":"..\/SharedGlobalArt\/AppIconDefault_Safari.png","sections":{"ibrw8586170f":{"name":"Anonymitet og sikkerhed","children":["sfri11471","sfri40696","sfri47acf5d6","ibrw1069","sfri40697","sfri40732"]},"ibrwdcc86085":{"name":"Søg på internettet","children":["ibrw1005","sfrid73436cb","sfri40726","sfri22092","ibrw1039","sfri11576","ibrw0495694f","ibrw27291639","ibrwae910b47"]},"ibrwc2a4c26f":{"name":"Tilpas Safari","children":["ibrw1020","ibrw1012","ibrw933b3c1f","ibrwa008","ibrw1068","sfri32508","ibrw1015"]},"ibrwf52aedab":{"name":"Læs artikler og fælles links","children":["sfri35905","sfri32632","ibrw979a931f"]},"ibrw201dc86d":{"name":"Hent, del og arkiver indhold","children":["sfri40598","sfri40722","sfri40785","ibrw1089","ibrw1060"]},"ibrw8eb4666f":{"name":"Køb ind på internettet","children":["ibrw8e207504","ibrw1103"]}},"birdseed_version":5,"toc":["sfri35862","ibrwdcc86085","ibrw8eb4666f","ibrwf52aedab","ibrw201dc86d","ibrwc2a4c26f","ibrw8586170f","cpsh003","sfri11861"],"locale":"da","version":"10.0","source_schema":"apd-schema","enable_tracking":false,"platform":"mac","build_date":"2017.07.17-11:57:53","landing":"sfri35476","product":"safari","urls":{},"copyright":"","show_previous_next":false,"topics":{"sfri35862":{"name":"Oversigt over Safari"},"ibrw1118":{"name":"Hvis Safaris funktioner ikke er tilgængelige, eller du bliver bedt om en adgangskode"},"ibrwa008":{"name":"Vælg Safari som standardbrowser"},"sfri40724":{"name":"Vinduet Meddelelser","searchName":"Indstillinger til Meddelelser i Safari"},"ibrw933b3c1f":{"name":"Tilpas søgninger til individuelle websteder"},"sfri35610":{"name":"Vinduet Anonymitet","searchName":"Indstillinger til anonymitet i Safari"},"ibrw1060":{"name":"Udskriv websider","searchName":"Udskriv websider fra Safari"},"ibrw27291639":{"name":"Afspil videoer på internettet"},"ibrwae910b47":{"name":"Slå lyd fra på faner","searchName":"Slå lyd fra på faner i Safari"},"sfri35905":{"name":"Opret en læseliste","searchName":"Opret en læseliste i Safari"},"sfri40599":{"name":"Vinduet Adgangskoder","searchName":"Indstillinger til adgangskoder i Safari"},"ibrw1066":{"name":"Om certifikater og krypterede websteder","searchName":"Om certifikater og krypterede websteder i Safari"},"sfri78488bc1":{"name":"administrator","categories":["aside"]},"ibrw1069":{"name":"Brug private browservinduer","searchName":"Brug private browservinduer i Safari"},"ibrw1045":{"name":"Vinduet Faner","searchName":"Indstillinger til Faner i Safari"},"sfri4f24ca1c":{"name":"Hvis Safari viser en sikkerhedsadvarsel om WebGL"},"ibrw1071":{"name":"Hvis Safari ikke kan åbne et websted"},"ibrw1074":{"name":"Vinduet Sikkerhed","searchName":"Indstillinger til Sikkerhed i Safari"},"ibrw1113":{"name":"Bedre søgninger på internettet","searchName":"Gør dine søgninger på internettet bedre vha. Safari"},"sfri32508":{"name":"Brug Safari-udvidelser"},"ibrw051607b8":{"name":"Simuler Apple-enheder","searchName":"Simuler Apple-enheder i Safari"},"sfri40734":{"name":"Administrer meddelelser fra websteder","searchName":"Administrer meddelelser fra websteder vha. Safari"},"ibrw1053":{"name":"Indstil en proxyserver","searchName":"Indstil en proxyserver vha. Safari"},"ibrw1077":{"name":"Hvis Safari ikke kan åbne et vindue"},"sfri40785":{"name":"Føj kort til Wallet","searchName":"Føj kort til Wallet vha. Safari"},"sfri43593":{"name":"Hvis et websted har indhold, der kræver tilbehør","searchName":"Hvis et websted har indhold, der kræver Safari-tilbehør"},"sfri40697":{"name":"Identificer sikre websteder og undgå svindel","searchName":"Identificer krypterede websteder og undgå svindel vha.Safari"},"ibrw1009":{"name":"Besøg websider igen","searchName":"Besøg websider igen vha. historikken i Safari"},"ibrw1032":{"name":"Hvis funktioner på en webside ikke virker","searchName":"Hvis funktioner på en webside ikke virker i Safari"},"ibrwa006":{"name":"Hvis Safari ikke kan hente et emne fra internettet"},"sfri563ecfdc":{"name":"Safari Suggestions","categories":["aside"]},"sfri4b415f9c":{"name":"Hvis et websted har WebGL-grafik","searchName":"Hvis et websted har WebGL-grafik i Safari"},"ibrw53c401e7":{"name":"Se dine Populære websteder","searchName":"Se siden Populære websteder i Safari"},"sfri5bcd1b2e":{"name":"malware","categories":["aside"]},"sfri40598":{"name":"Hent emner fra internettet","searchName":"Hent emner fra internettet med Safari"},"sfri40726":{"name":"Se de åbne websider på dine andre enheder","searchName":"Se de åbne websider i Safari på dine andre enheder"},"ibrw1100":{"name":"Hvis Auto-udfyld ikke virker","searchName":"Hvis Auto-udfyld ikke virker i Safari"},"glosbabd4062":{"name":"Touch Bar","categories":["aside"]},"ibrw0495694f":{"name":"Marker hyppigt besøgte websteder"},"ibrw1103":{"name":"Brug Auto-udfyld","searchName":"Brug Autoudfyld til kreditkort, kontakter og adgangskoder i Safari"},"ibrw1090":{"name":"Se PDF-arkiver","searchName":"Se PDF-arkiver med Safari"},"sfri22092":{"name":"Se favoritter","searchName":"Se siden Favoritter i Safari"},"sfri35476":{"name":"Hjælp til Safari","href":"sfri35476.html","categories":["landing"]},"sfri20879":{"name":"Databaser, der opbevares på computeren","searchName":"Databaser, der opbevares på computeren vha. Safari"},"glosbdc8e694":{"name":"Apple ID","categories":["aside"]},"sfri35922":{"name":"Hvis Safari har problemer med at vise en webside"},"ibrw1072":{"name":"Vinduet Generelt","searchName":"Generelle indstillinger i Safari"},"sfri32632":{"name":"Overskuelig læsning af artikler","searchName":"Overskuelig læsning af artikler med Læser i Safari"},"sfri27594":{"name":"Hvis du skal fjerne et tilbehør","searchName":"Hvis du skal fjerne et Safari-tilbehør"},"ibrw1075":{"name":"Vinduet Avanceret","searchName":"Avancerede indstillinger i Safari"},"ibrwa001":{"name":"Hvorfor blokere ekstra vinduer?","searchName":"Hvorfor blokere ekstra vinduer i Safari?"},"ibrw1114":{"name":"Søg i webbrowserhistorikken","searchName":"Søg i webbrowserhistorikken vha. Safari"},"sfri40696":{"name":"Bloker ekstra vinduer og unødvendigt indhold","searchName":"Bloker ekstra vinduer og unødvendigt indhold i Safari"},"sfri40722":{"name":"Del, tweet eller publicer websider","searchName":"Del, tweet eller publicer websider vha. Safari"},"sfri20948":{"name":"Brug Udviklermenuen i Safari"},"ibrw1117":{"name":"Hvis Safari ikke kan arkivere en adgangskode"},"ibrw1080":{"name":"Vælg, hvilke websteder brugere må se","searchName":"Vælg, hvilke websteder brugere må se i Safari"},"ibrw8e207504":{"name":"Betal med Apple Pay","searchName":"Køb ind med Apple Pay i Safari"},"ibrw1033":{"name":"Hvis Safari ikke viser billeder på websider"},"ibrwa007":{"name":"Hvis du prøver at bruge Safari uden forbindelse til nettet","href":"ibrwa007.html","summary":"Mac skal have forbindelse til internettet, hvis du vil gå til en webside vha. Safari, medmindre du har føjet siden til din læseliste, mens du var online."},"sfri35826":{"name":"Brug din internetkonto med andre macOS-programmer"},"sfri32153":{"name":"Indstillinger til udvidelser","searchName":"Indstillinger til Udvidelser i Safari"},"sfri11471":{"name":"Administrer cookies og data fra websteder","searchName":"Administrer cookies og data fra websteder vha. Safari"},"ibrw1012":{"name":"Tilpas Safari-vinduet"},"ibrw1036":{"name":"Hvis et tilbehør mangler","searchName":"Hvis der mangler et Safari-tilbehør"},"ibrw1039":{"name":"Brug bogmærker","searchName":"Brug bogmærker i Safari"},"ibrw1015":{"name":"Importer bogmærker og historik","searchName":"Importer bogmærker og historik til Safari fra andre browsere"},"sfri11576":{"name":"Se websider i faner","searchName":"Se websider i faner med Safari"},"sfri21236":{"name":"Hvis en krypteret webside ikke åbnes","searchName":"Hvis en krypteret webside ikke åbnes i Safari"},"ibrw1089":{"name":"Arkiver websider","searchName":"Arkiver websider vha. Safari"},"sfri47acf5d6":{"name":"Ryd din webbrowserhistorik","searchName":"Ryd din browserhistorik i Safari"},"ibrw979a931f":{"name":"Læs artikler offline"},"ibrw1018":{"name":"Undersøg elementer og aktivitet på en webside","searchName":"Undersøg elementer og aktivitet på en webside vha. Safari"},"ibrw1041":{"name":"Hvis bogmærker mangler på favoritlinjen","searchName":"Hvis bogmærker mangler på favoritlinjen i Safari"},"ibrwe2159f50":{"name":"Webstedsindstillinger","searchName":"Webstedsindstillinger i Safari"},"sfri21978704":{"name":"cookies and website data","categories":["aside"]},"ibrw1068":{"name":"Zoom ind på websider","searchName":"Zoom ind på websider vha. Safari"},"cpsh003":{"name":"Tastaturgenveje og andre genveje"},"ibrw1020":{"name":"Indstil din hjemmeside","searchName":"Indstil din hjemmeside i Safari"},"sfri264b84ab":{"name":"force click","categories":["aside"]},"glosc8aef3dc":{"name":"Touch ID","categories":["aside"]},"ibrwe75c2a3c":{"name":"Skift søgeindstillinger","searchName":"Skift søgeindstillinger vha. Safari"},"sfrid73436cb":{"name":"Find det, du leder efter","searchName":"Find det, du leder efter i Safari"},"sfri40732":{"name":"Undgå sporing","searchName":"Bed websteder om ikke at spore dig i Safari"},"sfri11861":{"name":"Fejlfinding"},"ibrw1005":{"name":"Gå til websteder","searchName":"Gå til et websteder vha. Safari"},"sfria1042d31":{"name":"Vinduet Søg","searchName":"Indstillinger til Søg i Safari"},"ibrw74269f2c":{"name":"Smart Search field","categories":["aside"]},"ibrw1031":{"name":"Hvis en webside er ulæselig","searchName":"Hvis en webside er ulæselig i Safari"},"ibrwa005":{"name":"Vinduet Autoudfyld","searchName":"Indstillinger til Autoudfyld i Safari"}},"copyright_text":"Copyright © 2017 Apple Inc. Alle rettigheder forbeholdes."}