{"css":"","framework":"duck-10.2.11","title":"עזרה בנושא Safari","build_id":"596cf887680ce2b810b0ee57","quick_links":[],"icon":"..\/SharedGlobalArt\/AppIconDefault_Safari.png","sections":{"ibrw8586170f":{"name":"פרטיות ואבטחה","children":["sfri11471","sfri40696","sfri47acf5d6","ibrw1069","sfri40697","sfri40732"]},"ibrwdcc86085":{"name":"גלוש\/י באינטרנט","children":["ibrw1005","sfrid73436cb","sfri40726","sfri22092","ibrw1039","sfri11576","ibrw0495694f","ibrw27291639","ibrwae910b47"]},"ibrwc2a4c26f":{"name":"התאם\/י אישית את Safari","children":["ibrw1020","ibrw1012","ibrw933b3c1f","ibrwa008","ibrw1068","sfri32508","ibrw1015"]},"ibrwf52aedab":{"name":"קרא\/י מאמרים וקישורים משותפים","children":["sfri35905","sfri32632","ibrw979a931f"]},"ibrw201dc86d":{"name":"הורד\/י, שתף\/י ושמור\/י תוכן","children":["sfri40598","sfri40722","sfri40785","ibrw1089","ibrw1060"]},"ibrw8eb4666f":{"name":"בצע\/י רכישות באינטרנט","children":["ibrw8e207504","ibrw1103"]}},"birdseed_version":5,"toc":["sfri35862","ibrwdcc86085","ibrw8eb4666f","ibrwf52aedab","ibrw201dc86d","ibrwc2a4c26f","ibrw8586170f","cpsh003","sfri11861"],"locale":"he","version":"10.0","source_schema":"apd-schema","enable_tracking":false,"platform":"mac","build_date":"2017.07.17-10:52:23","landing":"sfri35476","product":"safari","urls":{},"copyright":"","show_previous_next":false,"topics":{"sfri35862":{"name":"סקירת Safari"},"ibrw1118":{"name":"במקרה שהמאפיינים של Safari אינם זמינים או שנדרשת סיסמה"},"ibrwa008":{"name":"הגדרת Safari כדפדפן האינטרנט המהווה את ברירת-המחדל"},"sfri40724":{"name":"העדפות עדכונים","searchName":"העדפות ״עדכונים״ ב-Safari"},"ibrw933b3c1f":{"name":"גלישה מותאמת אישית באתרים מסוימים"},"sfri35610":{"name":"העדפות ״פרטיות״","searchName":"העדפות ״פרטיות״ ב-Safari"},"ibrw1060":{"name":"הדפסת עמודי אינטרנט","searchName":"הדפסת עמודי אינטרנט מ-Safari"},"ibrw27291639":{"name":"הפעלת סרטוני אינטרנט"},"ibrwae910b47":{"name":"השתקת שמע בכרטיסיות","searchName":"השתקת שמע בכרטיסיות ב-Safari"},"sfri35905":{"name":"החזקת רשימת קריאה","searchName":"החזקת רשימת קריאה ב-Safari"},"sfri40599":{"name":"העדפות ״סיסמאות״","searchName":"העדפות ״סיסמאות״ ב-Safari"},"ibrw1066":{"name":"אודות אישורים ואתרים מוצפנים","searchName":"אודות אישורים ואתרים מוצפנים ב-Safari"},"sfri78488bc1":{"name":"administrator","categories":["aside"]},"ibrw1069":{"name":"שימוש בחלונות גלישה פרטית","searchName":"השימוש בחלונות גלישה פרטית ב-Safari"},"ibrw1045":{"name":"העדפות ״כרטיסיה״","searchName":"העדפות ״כרטיסיות״ ב-Safari"},"sfri4f24ca1c":{"name":"אם Safari מציג התראת אבטחה של WebGL"},"ibrw1071":{"name":"במקרה ש-Safari אינו יכול לפתוח עמוד אינטרנט"},"ibrw1074":{"name":"העדפות ״אבטחה״","searchName":"העדפות ״אבטחה״ ב-Safari"},"ibrw1113":{"name":"שיפור החיפושים באינטרנט","searchName":"שיפור החיפושים באינטרנט באמצעות Safari"},"sfri32508":{"name":"שימוש בהרחבות של Safari"},"ibrw051607b8":{"name":"הדמיה של מכשירי Apple","searchName":"הדמיה של מכשירי Apple ב-Safari"},"sfri40734":{"name":"ניהול עדכונים של אתרי אינטרנט","searchName":"ניהול עדכונים של אתרי אינטרנט באמצעות Safari"},"ibrw1053":{"name":"הגדרת שרת פרוקסי","searchName":"הגדרת שרת פרוקסי עבור Safari"},"ibrw1077":{"name":"במקרה ש-Safari אינו יכול לפתוח חלון"},"sfri40785":{"name":"הוספת אישורים ל-Wallet","searchName":"הוספת אישורים ל-Wallet באמצעות Safari"},"sfri43593":{"name":"אם אתר כולל תוכן המחייב תוסף","searchName":"אם אתר כולל תוכן של תוסף Safari"},"sfri40697":{"name":"איתור אתרי אינטרנט מוצפנים והימנעות מהונאה","searchName":"איתור אתרי אינטרנט מוצפנים והימנעות מהונאה באמצעות Safari"},"ibrw1009":{"name":"ביקור חוזר בעמודי אינטרנט","searchName":"ביקור חוזר בעמודי אינטרנט דרך ההיסטוריה ב-Safari"},"ibrw1032":{"name":"במקרה שמאפיינים בעמוד אינטרנט אינם פועלים","searchName":"במקרה שמאפיינים בעמוד אינטרנט אינם פועלים ב-Safari"},"ibrwa006":{"name":"במקרה שאין ל-Safari אפשרות להוריד פריט מהאינטרנט"},"sfri563ecfdc":{"name":"Safari Suggestions","categories":["aside"]},"sfri4b415f9c":{"name":"אם אתר אינטרנט כולל גרפיקת WebGL","searchName":"אם אתר אינטרנט כולל גרפיקת WebGL ב-Safari"},"ibrw53c401e7":{"name":"הצגת ״אתרים מובילים״","searchName":"הצגת העמוד ״אתרים מובילים״ של Safari"},"sfri5bcd1b2e":{"name":"malware","categories":["aside"]},"sfri40598":{"name":"הורדת פריטים מהאינטרנט","searchName":"הורדת פריטים מהאינטרנט באמצעות Safari"},"sfri40726":{"name":"הצגת עמודי האינטרנט שפתוחים במכשירים האחרים שלך","searchName":"הצגת עמודי האינטרנט שפתוחים ב-Safari במכשירים האחרים שלך"},"ibrw1100":{"name":"במקרה שמילוי אוטומטי אינו פועל","searchName":"במקרה שמילוי אוטומטי אינו פועל ב-Safari"},"glosbabd4062":{"name":"Touch Bar","categories":["aside"]},"ibrw0495694f":{"name":"הצמדת אתרים שבהם הינך מבקר\/ת לעתים קרובות"},"ibrw1103":{"name":"שימוש במילוי אוטומטי","searchName":"שימוש ב״מילוי אוטומטי״ לכרטיסי אשראי, אנשי קשר וסיסמאות ב-Safari"},"ibrw1090":{"name":"הצגת קבצי PDF","searchName":"הצגת קבצי PDF ב-Safari"},"sfri22092":{"name":"הצג\/י את ״מועדפים״","searchName":"הצגת העמוד ״מועדפים״ של Safari"},"sfri35476":{"name":"עזרה בנושא Safari","href":"sfri35476.html","categories":["landing"]},"sfri20879":{"name":"מסדי נתונים המאוחסנים במחשב","searchName":"מסדי נתונים המאוחסנים במחשב באמצעות Safari"},"glosbdc8e694":{"name":"Apple ID","categories":["aside"]},"sfri35922":{"name":"אם ישנה שגיאה ב-Safari בעת הצגת עמוד אינטרנט"},"ibrw1072":{"name":"העדפות כלליות","searchName":"העדפות כלליות ב-Safari"},"sfri32632":{"name":"קריאת מאמרים נקיים מפרסומות ומ״רעש״","searchName":"קריאת מאמרים נקיים מפרסומות ומ״רעש״ באמצעות ה״קורא״ של Safari"},"sfri27594":{"name":"במקרה שעליך להסיר תוסף","searchName":"אם עליך להסיר תוסף ב-Safari"},"ibrw1075":{"name":"העדפות מתקדמות","searchName":"העדפות מתקדמות ב-Safari"},"ibrwa001":{"name":"מדוע לחסום חלונות קופצניים?","searchName":"מדוע לחסום חלונות קופצניים בעמודי אינטרנט ב-Safari?"},"ibrw1114":{"name":"חיפוש בהיסטוריית הגלישה","searchName":"חיפוש בהיסטוריית הגלישה באינטרנט באמצעות Safari"},"sfri40696":{"name":"חסימת פריטים קופצניים ותוכן מיותר","searchName":"חסימת פריטים קופצניים ותוכן מיותר ב-Safari"},"sfri40722":{"name":"שיתוף, ציוץ או פרסום של עמודי אינטרנט","searchName":"שיתוף, ציוץ או פרסום של עמודי אינטרנט באמצעות Safari"},"sfri20948":{"name":"שימוש בתפריט ״פיתוח״ ב-Safari"},"ibrw1117":{"name":"במקרה ש-Safari אינו יכול לשמור סיסמה"},"ibrw1080":{"name":"בחירת אתרי האינטרנט שמשתמשים רשאים להציג","searchName":"בחירת אתרי האינטרנט שמשתמשים רשאים להציג ב-Safari"},"ibrw8e207504":{"name":"שלם\/י באמצעות Apple Pay","searchName":"קניות באמצעות Apple Pay ב-Safari"},"ibrw1033":{"name":"אם Safari אינו מציג תמונות בעמודי אינטרנט"},"ibrwa007":{"name":"במקרה שהינך מנסה להשתמש ב-Safari במצב לא מקוון","href":"ibrwa007.html","summary":"כדי לפתוח עמוד אינטרנט ב-Safari, על ה-Mac שלך להיות מחובר לאינטרנט, אלא אם הוספת את הדף לרשימת הקריאה כשהיית מחובר\/ת."},"sfri35826":{"name":"השתמש\/י בחשבון האינטרנט שלך עם יישומי macOS אחרים"},"sfri32153":{"name":"העדפות של הרחבות","searchName":"העדפות ״הרחבות״ ב-Safari"},"sfri11471":{"name":"ניהול עוגיות ונתונים של אתרי אינטרנט","searchName":"ניהול עוגיות ונתונים של אתרי אינטרנט באמצעות Safari"},"ibrw1012":{"name":"התאמה אישית של חלון ה-Safari"},"ibrw1036":{"name":"במקרה שתוסף חסר","searchName":"במקרה שתוסף חסר ב-Safari"},"ibrw1039":{"name":"שימוש בסימניות","searchName":"שימוש בסימניות ב-Safari"},"ibrw1015":{"name":"ייבוא סימניות והיסטוריה","searchName":"ייבוא סימניות והיסטוריה אל Safari מדפדפנים אחרים"},"sfri11576":{"name":"הצגת עמודי אינטרנט בכרטיסיות","searchName":"הצגת עמודי אינטרנט בכרטיסיות עם Safari"},"sfri21236":{"name":"במקרה שעמוד אינטרנט מוצפן אינו נפתח","searchName":"במקרה שעמוד אינטרנט מוצפן אינו נפתח ב-Safari"},"ibrw1089":{"name":"שמירת עמודי אינטרנט","searchName":"שמירת עמודי אינטרנט באמצעות Safari"},"sfri47acf5d6":{"name":"ניקוי היסטוריית הגלישה","searchName":"ניקוי היסטוריית הגלישה ב-Safari"},"ibrw979a931f":{"name":"קריאת מאמרים במצב לא מקוון"},"ibrw1018":{"name":"סקירת פעילות ורכיבים בעמודי אינטרנט","searchName":"סקירת פעילות ורכיבים בעמודי אינטרנט באמצעות Safari"},"ibrw1041":{"name":"אם חסרות סימניות בסרגל ה״מועדפים״","searchName":"אם חסרות סימניות בסרגל המועדפים של Safari"},"ibrwe2159f50":{"name":"העדפות אתרים","searchName":"העדפות אתרים ב-Safari"},"sfri21978704":{"name":"cookies and website data","categories":["aside"]},"ibrw1068":{"name":"הגדלה בעמודי אינטרנט","searchName":"הגדלה בעמודי אינטרנט באמצעות Safari"},"cpsh003":{"name":"קיצורי מקשים וקיצורי דרך נוספים"},"ibrw1020":{"name":"הגדרת עמוד הבית שלך","searchName":"הגדרת עמוד הבית שלך ב-Safari"},"sfri264b84ab":{"name":"force click","categories":["aside"]},"glosc8aef3dc":{"name":"Touch ID","categories":["aside"]},"ibrwe75c2a3c":{"name":"שינוי אפשרויות החיפוש","searchName":"שינוי אפשרויות החיפוש באמצעות Safari"},"sfrid73436cb":{"name":"למצוא את מה שהינך מחפש\/ת","searchName":"השתמש\/י ב-Safari בכדי לבצע חיפושים"},"sfri40732":{"name":"מניעת מעקב","searchName":"הצגת בקשה לאתרים שלא לעקוב אחריך ב-Safari"},"sfri11861":{"name":"פתרון בעיות"},"ibrw1005":{"name":"מעבר אל אתרים","searchName":"עבור אל אתרים המשתמשים ב-Safari"},"sfria1042d31":{"name":"העדפות ״חיפוש״","searchName":"העדפות ״חיפוש״ ב-Safari"},"ibrw74269f2c":{"name":"Smart Search field","categories":["aside"]},"ibrw1031":{"name":"במקרה שעמוד אינטרנט נראה מסולף","searchName":"במקרה שעמוד אינטרנט נראה מסולף ב-Safari"},"ibrwa005":{"name":"העדפות ״מילוי אוטומטי״","searchName":"העדפות ״מילוי אוטומטי״ ב-Safari"}},"copyright_text":"‏ © 2017 Apple בע״מ. כל הזכויות שמורות."}