{"css":"","framework":"duck-10.2.11","title":"Ajuda do Safari","build_id":"596cf88609462262265512d7","quick_links":[],"icon":"..\/SharedGlobalArt\/AppIconDefault_Safari.png","sections":{"ibrw8586170f":{"name":"Privacidade e segurança","children":["sfri11471","sfri40696","sfri47acf5d6","ibrw1069","sfri40697","sfri40732"]},"ibrwdcc86085":{"name":"Navegar na web","children":["ibrw1005","sfrid73436cb","sfri40726","sfri22092","ibrw1039","sfri11576","ibrw0495694f","ibrw27291639","ibrwae910b47"]},"ibrwc2a4c26f":{"name":"Personalizar o Safari","children":["ibrw1020","ibrw1012","ibrw933b3c1f","ibrwa008","ibrw1068","sfri32508","ibrw1015"]},"ibrwf52aedab":{"name":"Ler artigos e ligações partilhadas","children":["sfri35905","sfri32632","ibrw979a931f"]},"ibrw201dc86d":{"name":"Descarregar, partilhar e guardar conteúdo","children":["sfri40598","sfri40722","sfri40785","ibrw1089","ibrw1060"]},"ibrw8eb4666f":{"name":"Comprar na web","children":["ibrw8e207504","ibrw1103"]}},"birdseed_version":5,"toc":["sfri35862","ibrwdcc86085","ibrw8eb4666f","ibrwf52aedab","ibrw201dc86d","ibrwc2a4c26f","ibrw8586170f","cpsh003","sfri11861"],"locale":"pt-pt","version":"10.0","source_schema":"apd-schema","enable_tracking":false,"platform":"mac","build_date":"2017.07.17-12:05:25","landing":"sfri35476","product":"safari","urls":{},"copyright":"","show_previous_next":false,"topics":{"sfri35862":{"name":"Safari - visão geral"},"ibrw1118":{"name":"Se funcionalidades do Safari estiverem indisponíveis ou lhe for solicitada uma palavra-passe"},"ibrwa008":{"name":"Tornar o Safari o navegador web predefinido"},"sfri40724":{"name":"Preferências de Notificações","searchName":"Painel de preferências Notificações no Safari"},"ibrw933b3c1f":{"name":"Personalizar a navegação em sites específicos"},"sfri35610":{"name":"Painel de preferências Privacidade","searchName":"Painel de preferências Privacidade no Safari"},"ibrw1060":{"name":"Imprimir páginas web","searchName":"Imprimir páginas web a partir do Safari"},"ibrw27291639":{"name":"Reproduzir vídeos web"},"ibrwae910b47":{"name":"Tirar o som do áudio em separadores","searchName":"Tirar o som do áudio em separadores do Safari"},"sfri35905":{"name":"Manter uma lista de leitura","searchName":"Manter uma lista de leitura no Safari"},"sfri40599":{"name":"Painel de preferências Palavras-passe","searchName":"Painel de preferências Palavras-passe no Safari"},"ibrw1066":{"name":"Acerca de certificados e sites cifrados","searchName":"Acerca de certificados e sites cifrados no Safari"},"sfri78488bc1":{"name":"administrator","categories":["aside"]},"ibrw1069":{"name":"Usar janelas de navegação privada","searchName":"Usar janelas de navegação privada no Safari"},"ibrw1045":{"name":"Painel de preferências Separadores","searchName":"Painel de preferências Separadores no Safari"},"sfri4f24ca1c":{"name":"Se o Safari apresentar um aviso de segurança de WebGL"},"ibrw1071":{"name":"Se o Safari não conseguir abrir um site"},"ibrw1074":{"name":"Painel de preferências Segurança","searchName":"Painel de preferências Segurança no Safari"},"ibrw1113":{"name":"Aperfeiçoar as pesquisas na Internet","searchName":"Aperfeiçoar as pesquisas na Internet com o Safari"},"sfri32508":{"name":"Usar extensões do Safari"},"ibrw051607b8":{"name":"Simular dispositivos Apple","searchName":"Simular dispositivos Apple no Safari"},"sfri40734":{"name":"Gerir notificações de sites","searchName":"Gerir notificações de sites através do Safari"},"ibrw1053":{"name":"Configurar um servidor proxy","searchName":"Configurar um servidor proxy com o Safari"},"ibrw1077":{"name":"Se o Safari não conseguir abrir uma janela"},"sfri40785":{"name":"Adicionar cartões e bilhetes à Wallet","searchName":"Adicionar cartões e bilhetes à aplicação Wallet através do Safari"},"sfri43593":{"name":"Se um site tiver conteúdo de plug-in","searchName":"Se um site tiver conteúdo de plug-in do Safari"},"sfri40697":{"name":"Identificar sites cifrados e evitar fraudes","searchName":"Identificar sites cifrados e evitar fraudes com o Safari"},"ibrw1009":{"name":"Voltar a visitar páginas web","searchName":"Voltar a visitar páginas web através do histórico do Safari"},"ibrw1032":{"name":"Se partes de uma página web não funcionam","searchName":"Se partes de uma página web não funcionam não Safari"},"ibrwa006":{"name":"Se o Safari não conseguir descarregar um elemento da Internet"},"sfri563ecfdc":{"name":"Safari Suggestions","categories":["aside"]},"sfri4b415f9c":{"name":"Se um site tiver gráficos WebGL","searchName":"Se um site tiver gráficos WebGL no Safari"},"ibrw53c401e7":{"name":"Ver os seus Sites Principais","searchName":"Ver a página Sites Principais do Safari"},"sfri5bcd1b2e":{"name":"malware","categories":["aside"]},"sfri40598":{"name":"Descarregar elementos da web","searchName":"Descarregar elementos da web através do Safari"},"sfri40726":{"name":"Ver as páginas web abertas noutros dispositivos","searchName":"Ver as páginas web abertas no Safari noutros dispositivos"},"ibrw1100":{"name":"Se o preenchimento automático não funcionar","searchName":"Se o preenchimento automático não funcionar no Safari"},"glosbabd4062":{"name":"Touch Bar","categories":["aside"]},"ibrw0495694f":{"name":"Fixar os sites mais visitados"},"ibrw1103":{"name":"Usar o preenchimento automático","searchName":"Usar o preenchimento automático para cartões de crédito, contactos e palavras-passe no Safari"},"ibrw1090":{"name":"Ver ficheiros PDF","searchName":"Ver ficheiros PDF com o Safari"},"sfri22092":{"name":"Ver favoritos","searchName":"Ver a página Favoritos do Safari"},"sfri35476":{"name":"Ajuda do Safari","href":"sfri35476.html","categories":["landing"]},"sfri20879":{"name":"Bases de dados armazenadas no computador","searchName":"Bases de dados armazenadas no computador através do Safari"},"glosbdc8e694":{"name":"Apple ID","categories":["aside"]},"sfri35922":{"name":"Se o Safari encontrar um erro ao apresentar uma página web"},"ibrw1072":{"name":"Painel de preferências Geral","searchName":"Painel de preferências Geral no Safari"},"sfri32632":{"name":"Ler só o que interessa","searchName":"Ler só o que interessa com o Leitor do Safari"},"sfri27594":{"name":"Se necessitar de remover um plug-in","searchName":"Se necessitar de remover um plug-in do Safari"},"ibrw1075":{"name":"Preferências avançadas","searchName":"Painel de preferências Avançadas no Safari"},"ibrwa001":{"name":"Porquê bloquear janelas pop-up?","searchName":"Porquê bloquear pop-ups em páginas web no Safari?"},"ibrw1114":{"name":"Pesquisar no histórico de navegação","searchName":"Pesquisar no histórico de navegação com o Safari"},"sfri40696":{"name":"Bloquear janelas pop-up e conteúdo desnecessário","searchName":"Bloquear janelas pop-up e conteúdo desnecessário no Safari"},"sfri40722":{"name":"Partilhar, enviar por tweet ou publicar páginas web","searchName":"Partilhar, enviar por tweet ou publicar páginas web através do Safari"},"sfri20948":{"name":"Usar o menu Programação do Safari"},"ibrw1117":{"name":"Se o Safari não conseguir guardar uma palavra-passe"},"ibrw1080":{"name":"Selecionar os sites que os utilizadores podem ver","searchName":"Selecionar os sites que os utilizadores podem ver no Safari"},"ibrw8e207504":{"name":"Pagar com Apple Pay","searchName":"Comprar com Apple Pay no Safari"},"ibrw1033":{"name":"Se o Safari não apresentar imagens de páginas web"},"ibrwa007":{"name":"Se estiver a tentar utilizar o Safari offline","href":"ibrwa007.html","summary":"O seu Mac tem de estar ligado à Internet para poder abrir uma página web no Safari, a menos que tenha adicionado essa página à Lista de leitura quando estava online."},"sfri35826":{"name":"Usar a conta de Internet com outras aplicações do macOS"},"sfri32153":{"name":"Painel de preferências Extensões","searchName":"Painel de preferências Extensões no Safari"},"sfri11471":{"name":"Gerir cookies e dados de sites","searchName":"Gerir cookies e dados de sites usando o Safari"},"ibrw1012":{"name":"Personalizar a janela do Safari"},"ibrw1036":{"name":"Se faltar um plug-in","searchName":"Se faltar um plug-in no Safari"},"ibrw1039":{"name":"Usar marcadores","searchName":"Usar marcadores no Safari"},"ibrw1015":{"name":"Importar marcadores e histórico","searchName":"Importar marcadores e histórico de outros navegadores para o Safari"},"sfri11576":{"name":"Ver páginas web em separadores","searchName":"Ver páginas web em separadores através do Safari"},"sfri21236":{"name":"Se uma página web cifrada não abrir","searchName":"Se uma página web cifrada não abrir no Safari"},"ibrw1089":{"name":"Guardar páginas web","searchName":"Guardar páginas web com o Safari"},"sfri47acf5d6":{"name":"Limpar o histórico de navegação","searchName":"Limpar o histórico de navegação do Safari"},"ibrw979a931f":{"name":"Ler artigos offline"},"ibrw1018":{"name":"Examinar a atividade e elementos de páginas web","searchName":"Examinar a atividade e elementos de páginas web com o Safari"},"ibrw1041":{"name":"Se alguns marcadores não aparecerem na barra de Favoritos","searchName":"Se alguns marcadores não aparecerem na barra de Favoritos do Safari"},"ibrwe2159f50":{"name":"Painel de preferências Sites","searchName":"Painel de preferências Sites no Safari"},"sfri21978704":{"name":"cookies and website data","categories":["aside"]},"ibrw1068":{"name":"Ampliar em páginas web","searchName":"Ampliar em páginas web usando o Safari"},"cpsh003":{"name":"Atalhos de teclado e não só"},"ibrw1020":{"name":"Definir a página inicial","searchName":"Definir a página inicial no Safari"},"sfri264b84ab":{"name":"force click","categories":["aside"]},"glosc8aef3dc":{"name":"Touch ID","categories":["aside"]},"ibrwe75c2a3c":{"name":"Alterar as opções de pesquisa","searchName":"Alterar as opções de pesquisa com o Safari"},"sfrid73436cb":{"name":"Encontre o que está à procura","searchName":"Encontrar o que está à procura no Safari"},"sfri40732":{"name":"Evitar o seguimento","searchName":"Pedir que os sites não possam determinar a sua localização no Safari"},"sfri11861":{"name":"Resolução de problemas"},"ibrw1005":{"name":"Ir para os sites","searchName":"Ir para sites através do Safari"},"sfria1042d31":{"name":"Painel de preferências Pesquisa","searchName":"Painel de preferências Pesquisa no Safari"},"ibrw74269f2c":{"name":"Smart Search field","categories":["aside"]},"ibrw1031":{"name":"Se uma página web estiver incompreensível","searchName":"Se uma página web estiver incompreensível no Safari"},"ibrwa005":{"name":"Painel de preferências “Preenchimento automático”","searchName":"Painel de preferências “Preenchimento automático” no Safari"}},"copyright_text":"Copyright © 2017 Apple Inc. Todos os direitos reservados."}