{"css":"","framework":"duck-10.2.11","title":"Pomoć za Safari","build_id":"596cf885680ce2b810b0ee45","quick_links":[],"icon":"..\/SharedGlobalArt\/AppIconDefault_Safari.png","sections":{"ibrw8586170f":{"name":"Privatnost i sigurnost","children":["sfri11471","sfri40696","sfri47acf5d6","ibrw1069","sfri40697","sfri40732"]},"ibrwdcc86085":{"name":"Pretraživanje interneta","children":["ibrw1005","sfrid73436cb","sfri40726","sfri22092","ibrw1039","sfri11576","ibrw0495694f","ibrw27291639","ibrwae910b47"]},"ibrwc2a4c26f":{"name":"Prilagođavanje Safarija","children":["ibrw1020","ibrw1012","ibrw933b3c1f","ibrwa008","ibrw1068","sfri32508","ibrw1015"]},"ibrwf52aedab":{"name":"Pročitani članci i podijeljeni linkovi","children":["sfri35905","sfri32632","ibrw979a931f"]},"ibrw201dc86d":{"name":"Preuzimanje, dijeljenje i spremanje sadržaja","children":["sfri40598","sfri40722","sfri40785","ibrw1089","ibrw1060"]},"ibrw8eb4666f":{"name":"Kupujte na internetu","children":["ibrw8e207504","ibrw1103"]}},"birdseed_version":5,"toc":["sfri35862","ibrwdcc86085","ibrw8eb4666f","ibrwf52aedab","ibrw201dc86d","ibrwc2a4c26f","ibrw8586170f","cpsh003","sfri11861"],"locale":"hr","version":"10.0","source_schema":"apd-schema","enable_tracking":false,"platform":"mac","build_date":"2017.07.17-11:00:14","landing":"sfri35476","product":"safari","urls":{},"copyright":"","show_previous_next":false,"topics":{"sfri35862":{"name":"Pregled preglednika Safari"},"ibrw1118":{"name":"Ako Safari značajke nisu raspoložive ili morate unijeti lozinku"},"ibrwa008":{"name":"Podešavanje preglednika Safari kao standardnog internetskog preglednika"},"sfri40724":{"name":"Postavke za obavijesti","searchName":"Postavke za obavijesti u pregledniku Safari"},"ibrw933b3c1f":{"name":"Prilagođavanje pretraživanja za pojedinačne web stranice"},"sfri35610":{"name":"Postavke privatnosti","searchName":"Postavke privatnosti u pregledniku Safari"},"ibrw1060":{"name":"Ispis internetskih stranica","searchName":"Ispis internetskih stranica iz preglednika Safari"},"ibrw27291639":{"name":"Reproduciranje internetskih videozapisa"},"ibrwae910b47":{"name":"Isključenje zvuka u karticama","searchName":"Isključivanje zvuka u karticama preglednika Safari"},"sfri35905":{"name":"Vođenje popisa za čitanje","searchName":"Vođenje popisa za čitanje u pregledniku Safari"},"sfri40599":{"name":"Postavke za Dashboard","searchName":"Postavke lozinka u pregledniku Safari"},"ibrw1066":{"name":"O certifikatima i kriptiranim internetskim stranicama","searchName":"O certifikatima i kriptiranim internetskim stranicama u pregledniku Safari"},"sfri78488bc1":{"name":"administrator","categories":["aside"]},"ibrw1069":{"name":"Uporaba prozora za Privatno pretraživanje","searchName":"Uporaba prozora za Privatno pretraživanje u pregledniku Safari"},"ibrw1045":{"name":"Postavke Kartica","searchName":"Postavke kartica u pregledniku Safari"},"sfri4f24ca1c":{"name":"Ako Safari prikazuje upozorenje o sigurnosti za WebGL"},"ibrw1071":{"name":"Ako Safari ne može otvoriti internetsku stranicu"},"ibrw1074":{"name":"Postavke sigurnosti","searchName":"Postavke sigurnosti u pregledniku Safari"},"ibrw1113":{"name":"Poboljšavanje pretraživanja interneta","searchName":"Poboljšajte svoja pretraživanja interneta koristeći Safari"},"sfri32508":{"name":"Korištenje ekstenzija preglednika Safari"},"ibrw051607b8":{"name":"Simulacija Apple uređaja","searchName":"Simulacija Apple uređaja u aplikaciji Safari"},"sfri40734":{"name":"Upravljanje obavijestima internetskih stranica","searchName":"Upravljanje obavijestima internetskih stranica u pregledniku Safari"},"ibrw1053":{"name":"Podešavanje proxy poslužitelja","searchName":"Podešavanje proxy poslužitelja s preglednikom Safari"},"ibrw1077":{"name":"Ako Safari ne može otvoriti prozor"},"sfri40785":{"name":"Dodavanje propusnica u Wallet","searchName":"Dodavanje propusnica u Wallet u pregledniku Safari"},"sfri43593":{"name":"Ako internetska stranica ima plugin sadržaj","searchName":"Ako internetska stranica ima Safari plugin sadržaj"},"sfri40697":{"name":"Identificiranje kriptiranih internetskih stranica i izbjegavanje prevare","searchName":"Identificiranje kriptiranih internetskih stranica i izbjegavanje prevare u pregledniku Safari"},"ibrw1009":{"name":"Ponovno posjećivanje internetskih stranica","searchName":"Ponovno posjećivanje internetskih stranica pomoću povijesti iz preglednika Safari"},"ibrw1032":{"name":"Ako značajke na internetskoj stranici ne rade","searchName":"Ako značajke na internetskoj stranici ne rade u Safariju"},"ibrwa006":{"name":"Ako Safari ne može preuzeti stavku s interneta"},"sfri563ecfdc":{"name":"Safari Suggestions","categories":["aside"]},"sfri4b415f9c":{"name":"Ako internetska stranica ima WebGL grafiku","searchName":"Ako internetska stranica ima WebGL grafiku u pregledniku Safari"},"ibrw53c401e7":{"name":"Prikaz Top stranica","searchName":"Prikaz stranice Top stranice preglednika Safari"},"sfri5bcd1b2e":{"name":"malware","categories":["aside"]},"sfri40598":{"name":"Preuzimanje stavki s interneta","searchName":"Preuzimanje stavki s interneta koristeći Safari"},"sfri40726":{"name":"Otvaranje internetskih stranica na vašim drugim uređajima","searchName":"Pregledavajte internetske stranice u Safariju na vašim drugim uređajima"},"ibrw1100":{"name":"Ako Auto ispuna ne radi","searchName":"Ako Auto ispuna ne radi u pregledniku Safari"},"glosbabd4062":{"name":"Touch Bar","categories":["aside"]},"ibrw0495694f":{"name":"Usidri često posjećivane internetske stranice"},"ibrw1103":{"name":"Korištenje Auto ispune","searchName":"Koristite Auto ispunu za kreditne kartice, kontakte i lozinke u pregledniku Safari"},"ibrw1090":{"name":"Prikaz PDF datoteka","searchName":"Prikažite PDF datoteke pomoću preglednika Safari"},"sfri22092":{"name":"Prikaz Omiljenih stavki","searchName":"Prikaz stranice Omiljene stavke preglednika Safari"},"sfri35476":{"name":"Pomoć za Safari","href":"sfri35476.html","categories":["landing"]},"sfri20879":{"name":"Baze podataka pohranjene na vaše računalo","searchName":"Baze podataka pohranjene na vaše računalo koje koristi preglednik Safari"},"glosbdc8e694":{"name":"Apple ID","categories":["aside"]},"sfri35922":{"name":"Ako se u pregledniku Safari pojavi greška s prikazom internetske stranice"},"ibrw1072":{"name":"Postavke Općenito","searchName":"Opće postavke u pregledniku Safari"},"sfri32632":{"name":"Čitanje članaka u pročišćenom obliku","searchName":"Čitanje članaka u pročišćenom obliku uz pomoć Safari Čitača"},"sfri27594":{"name":"Ako morate ukloniti plugin","searchName":"Ako morate ukloniti Safari plugin"},"ibrw1075":{"name":"Napredne postavke","searchName":"Napredne postavke u pregledniku Safari"},"ibrwa001":{"name":"Zašto blokirati skočne prozore?","searchName":"Zašto blokirati skočne prozore na internetskim stranicama u pregledniku Safari?"},"ibrw1114":{"name":"Pretraživanje povijesti pretraživanja interneta","searchName":"Pretražite povijest pretraživanja interneta koristeći preglednik Safari"},"sfri40696":{"name":"Blokiranje skočnih prozora i nepotrebnog sadržaja","searchName":"Blokiranje skočnih prozora i nepotrebnog sadržaja u pregledniku Safari"},"sfri40722":{"name":"Dijeljenje, tweetanje ili objavljivanje na internetskim stranicama","searchName":"Dijeljenje, tweetanje ili objavljivanje na internetskim stranicama pomoću preglednika Safari"},"sfri20948":{"name":"Korištenje izbornika Programiranje preglednika Safari"},"ibrw1117":{"name":"Ako Safari ne može spremiti lozinku"},"ibrw1080":{"name":"Odabir internetskih stranica koje korisnici mogu pregledavati","searchName":"Odabir internetskih stranica koje korisnici mogu pregledavati u pregledniku Safari"},"ibrw8e207504":{"name":"Plati koristeći Apple Pay","searchName":"Kupujte putem usluge Apple Pay u pregledniku Safari"},"ibrw1033":{"name":"Ako Safari ne prikazuje slike na internetskoj stranici"},"ibrwa007":{"name":"Ako pokušavate upotrebljavati Safari dok ste odspojeni","href":"ibrwa007.html","summary":"Vaš Mac mora biti spojen na internet za posjećivanje neke internetske stranice pomoću preglednika Safari, osim ako ste tu stranicu dodali na svoj Popis za čitanje dok ste bili spojeni."},"sfri35826":{"name":"Uporaba vašeg internetskog računa s drugim macOS aplikacijama"},"sfri32153":{"name":"Postavle ekstenzija","searchName":"Postavke ekstenzija u pregledniku Safari"},"sfri11471":{"name":"Upravljanje kolačićima i podacima internetske stranice","searchName":"Upravljajte kolačićima i podacima internetske stranice uz pomoć preglednika Safari"},"ibrw1012":{"name":"Podešavanje prozora Safarija"},"ibrw1036":{"name":"Ako plugin nedostaje","searchName":"Ako plugin preglednika Safari nedostaje"},"ibrw1039":{"name":"Uporaba knjižnih oznaka","searchName":"Uporaba knjižnih oznaka u Safariju"},"ibrw1015":{"name":"Importiranje knjižnih oznaka i povijesti","searchName":"Importiranje knjižnih oznaka i povijesti u Safari iz drugih preglednika"},"sfri11576":{"name":"Pregledavanje internetskih stranica u karticama","searchName":"Otvaranje internetskih stranica u karticama"},"sfri21236":{"name":"Ako se kriptirana internetska stranica na otvara","searchName":"Ako se kriptirana internetska stranica na otvara u pregledniku Safari"},"ibrw1089":{"name":"Spremanje internetskih stranica","searchName":"Spremite internetske stranice pomoću preglednika Safari"},"sfri47acf5d6":{"name":"Čišćenje povijesti pretraživanja interneta","searchName":"Čišćenje povijesti pretraživanja u pregledniku Safari"},"ibrw979a931f":{"name":"Čitanje članaka izvan mreže"},"ibrw1018":{"name":"Pregled elemenata i aktivnosti internetske stranice","searchName":"Pregled elemenata i aktivnosti internetske stranice uz pomoć preglednika Safari"},"ibrw1041":{"name":"Ako knjižne oznake nedostaju s trake Omiljene stavke","searchName":"Ako knjižne oznake nedostaju s trake Omiljene stavke preglednika Safari"},"ibrwe2159f50":{"name":"Postavke web stranica","searchName":"Postavke web stranica u pregledniku Safari"},"sfri21978704":{"name":"cookies and website data","categories":["aside"]},"ibrw1068":{"name":"Zumiranje internetskih stranica","searchName":"Zumiranje internetskih stranica u pregledniku Safari"},"cpsh003":{"name":"Prečaci na tipkovnici i ostali prečaci"},"ibrw1020":{"name":"Podešavanje vaše početne stranice","searchName":"Podešavanje početne stranice u pregledniku Safari"},"sfri264b84ab":{"name":"force click","categories":["aside"]},"glosc8aef3dc":{"name":"Touch ID","categories":["aside"]},"ibrwe75c2a3c":{"name":"Mijenjanje opcija pretraživanja","searchName":"Mijenjanje opcija pretraživanja uz pomoć preglednika Safari"},"sfrid73436cb":{"name":"Pronađite ono što tražite","searchName":"Nađite ono što tražite u Safariju"},"sfri40732":{"name":"Sprečavanje praćenja","searchName":"Traženje od internetskih stranica da vas ne prate u pregledniku Safari"},"sfri11861":{"name":"Otklanjanje poteškoća"},"ibrw1005":{"name":"Idi na stranice","searchName":"Posjetite internetske stranice korištenjem Safarija"},"sfria1042d31":{"name":"Postavke pretraživanja","searchName":"Postavke pretraživanja u pregledniku Safari"},"ibrw74269f2c":{"name":"Smart Search field","categories":["aside"]},"ibrw1031":{"name":"Ako je internetska stranica iskrivljena","searchName":"Ako je internetska stranica iskrivljena u pregledniku Safari"},"ibrwa005":{"name":"Postavke Auto ispune","searchName":"Postavke za Auto ispunu u pregledniku Safari"}},"copyright_text":"Copyright © 2017 Apple Inc. Sva prava pridržana."}