{"css":"","framework":"duck-10.2.11","title":"Safari ヘルプ","build_id":"596cf883680ce2b810b0ee33","quick_links":[],"icon":"..\/SharedGlobalArt\/AppIconDefault_Safari.png","sections":{"ibrw8586170f":{"name":"プライバシーおよびセキュリティ","children":["sfri11471","sfri40696","sfri47acf5d6","ibrw1069","sfri40697","sfri40732"]},"ibrwdcc86085":{"name":"Web をブラウズする","children":["ibrw1005","sfrid73436cb","sfri40726","sfri22092","ibrw1039","sfri11576","ibrw0495694f","ibrw27291639","ibrwae910b47"]},"ibrwc2a4c26f":{"name":"Safari をカスタマイズする","children":["ibrw1020","ibrw1012","ibrw933b3c1f","ibrwa008","ibrw1068","sfri32508","ibrw1015"]},"ibrwf52aedab":{"name":"記事および共有リンクを読む","children":["sfri35905","sfri32632","ibrw979a931f"]},"ibrw201dc86d":{"name":"コンテンツをダウンロードする／共有する／保存する","children":["sfri40598","sfri40722","sfri40785","ibrw1089","ibrw1060"]},"ibrw8eb4666f":{"name":"Web で買い物をする","children":["ibrw8e207504","ibrw1103"]}},"birdseed_version":5,"toc":["sfri35862","ibrwdcc86085","ibrw8eb4666f","ibrwf52aedab","ibrw201dc86d","ibrwc2a4c26f","ibrw8586170f","cpsh003","sfri11861"],"locale":"ja","version":"10.0","source_schema":"apd-schema","enable_tracking":false,"platform":"mac","build_date":"2017.07.17-11:38:41","landing":"sfri35476","product":"safari","urls":{},"copyright":"","show_previous_next":false,"topics":{"sfri35862":{"name":"「Safari」の概要"},"ibrw1118":{"name":"Safari の機能が使用できないかパスワードを要求される場合"},"ibrwa008":{"name":"Safari をデフォルト Web ブラウザに設定する"},"sfri40724":{"name":"「通知」環境設定","searchName":"「Safari」の「通知」環境設定"},"ibrw933b3c1f":{"name":"個々の Web サイトのブラウズをカスタマイズする"},"sfri35610":{"name":"「プライバシー」環境設定","searchName":"「Safari」の「プライバシー」環境設定"},"ibrw1060":{"name":"Web ページをプリントする","searchName":"「Safari」から Web ページをプリントする"},"ibrw27291639":{"name":"Web ビデオを再生する"},"ibrwae910b47":{"name":"タブのオーディオを消音する","searchName":"「Safari」タブのオーディオを消音する"},"sfri35905":{"name":"リーディングリストを保持する","searchName":"「Safari」のリーディングリストを保持する"},"sfri40599":{"name":"「パスワード」環境設定","searchName":"「Safari」の「パスワード」環境設定"},"ibrw1066":{"name":"証明書および暗号化された Web サイトについて","searchName":"「Safari」における証明書および暗号化された Web サイトについて"},"sfri78488bc1":{"name":"administrator","categories":["aside"]},"ibrw1069":{"name":"「プライベートブラウズ」ウインドウを使用する","searchName":"「Safari」で「プライベートブラウズ」ウインドウを使用する"},"ibrw1045":{"name":"「タブ」環境設定","searchName":"「Safari」の「タブ」環境設定"},"sfri4f24ca1c":{"name":"Safari に WebGL セキュリティ通知が表示された場合"},"ibrw1071":{"name":"Safari で Web サイトを開けないとき"},"ibrw1074":{"name":"「セキュリティ」環境設定","searchName":"「Safari」の「セキュリティ」環境設定"},"ibrw1113":{"name":"Web 検索を改善する","searchName":"「Safari」を使って Web 検索を改善する"},"sfri32508":{"name":"Safari 機能拡張を使用する"},"ibrw051607b8":{"name":"Apple デバイスをシミュレートする","searchName":"「Safari」で Apple デバイスをシミュレートする"},"sfri40734":{"name":"Web サイト通知を管理する","searchName":"「Safari」を使用して Web サイト通知を管理する"},"ibrw1053":{"name":"プロキシサーバを設定する","searchName":"「Safari」でプロキシサーバを設定する"},"ibrw1077":{"name":"Safari でウインドウを開けないとき"},"sfri40785":{"name":"Wallet にパスを追加する","searchName":"「Safari」を使って Wallet にパスを追加する"},"sfri43593":{"name":"Web サイトにプラグインコンテンツがあるとき","searchName":"Web サイトに Safari プラグインコンテンツがあるとき"},"sfri40697":{"name":"暗号化された Web サイトを識別して詐欺 Web サイトを避ける","searchName":"「Safari」を使用して暗号化された Web サイトを識別し、詐欺 Web サイトを避ける"},"ibrw1009":{"name":"Web ページを再度開く","searchName":"「Safari」の履歴を使って Web ページを再度開く"},"ibrw1032":{"name":"Web ページの機能が動作しないとき","searchName":"「Safari」で Web ページの機能が動作しないとき"},"ibrwa006":{"name":"Safari で Web から項目をダウンロードできないとき"},"sfri563ecfdc":{"name":"Safari Suggestions","categories":["aside"]},"sfri4b415f9c":{"name":"Web サイトに WebGL グラフィックスがあるとき","searchName":"「Safari」で Web サイトに WebGL グラフィックスがあるとき"},"ibrw53c401e7":{"name":"「トップサイト」ページを表示する","searchName":"「Safari」の「トップサイト」ページを表示する"},"sfri5bcd1b2e":{"name":"malware","categories":["aside"]},"sfri40598":{"name":"Web から項目をダウンロードする","searchName":"「Safari」を使用して Web から項目をダウンロードする"},"sfri40726":{"name":"ほかのデバイスで開いている Web ページを表示する","searchName":"ほかのデバイスの「Safari」で開いている Web ページを表示する"},"ibrw1100":{"name":"自動入力が機能しないとき","searchName":"「Safari」で自動入力が機能しないとき"},"glosbabd4062":{"name":"Touch Bar","categories":["aside"]},"ibrw0495694f":{"name":"よく閲覧する Web サイトを固定する"},"ibrw1103":{"name":"自動入力を使用する","searchName":"「Safari」でクレジットカード、連絡先、およびパスワードの「自動入力」を使用する"},"ibrw1090":{"name":"PDF ファイルを表示する","searchName":"「Safari」で PDF ファイルを表示する"},"sfri22092":{"name":"「お気に入り」を表示する","searchName":"「Safari」の「お気に入り」ページを表示する"},"sfri35476":{"name":"Safari ヘルプ","href":"sfri35476.html","categories":["landing"]},"sfri20879":{"name":"コンピュータに保存されるデータベース","searchName":"「Safari」を使用してコンピュータに保存されるデータベース"},"glosbdc8e694":{"name":"Apple ID","categories":["aside"]},"sfri35922":{"name":"Web ページを表示しようとすると Safari でエラーが起きるとき"},"ibrw1072":{"name":"「一般」環境設定","searchName":"「Safari」の「一般」環境設定"},"sfri32632":{"name":"整理された記事を読む","searchName":"「Safari」の「リーダー」で整理された記事を読む"},"sfri27594":{"name":"プラグインを削除する必要があるとき","searchName":"Safari プラグインを削除する必要があるとき"},"ibrw1075":{"name":"「詳細」環境設定","searchName":"「Safari」の「詳細」環境設定"},"ibrwa001":{"name":"ポップアップウインドウをブロックする理由","searchName":"「Safari」で Web ページのポップアップをブロックする理由"},"ibrw1114":{"name":"ブラウズの履歴を検索する","searchName":"「Safari」を使用して Web ブラウズの履歴を検索する"},"sfri40696":{"name":"ポップアップや不要なコンテンツをブロックする","searchName":"「Safari」でポップアップや不要なコンテンツをブロックする"},"sfri40722":{"name":"Web ページを共有する／ツイートする／投稿する","searchName":"「Safari」を使用して Web ページを共有する、ツイートする、または投稿する"},"sfri20948":{"name":"Safari の開発メニューを使用する"},"ibrw1117":{"name":"Safari でパスワードを保存できないとき"},"ibrw1080":{"name":"ユーザが表示できる Web サイトを制限する","searchName":"ユーザが「Safari」で表示できる Web サイトを制限する"},"ibrw8e207504":{"name":"Apple Pay で支払う","searchName":"「Safari」で Apple Pay で買物をする"},"ibrw1033":{"name":"Safari に Web ページのイメージが表示されない場合"},"ibrwa007":{"name":"オフライン中に Safari を使用する場合","href":"ibrwa007.html","summary":"「Safari」を使用して Web ページに移動するには、Mac がインターネットに接続されている必要があります（オンライン中にリーディングリストにベージを追加した場合を除きます）。"},"sfri35826":{"name":"ほかの macOS アプリケーションでインターネットアカウントを使用する"},"sfri32153":{"name":"「機能拡張」環境設定","searchName":"「Safari」の「機能拡張」環境設定"},"sfri11471":{"name":"Cookie と Web サイトのデータを管理する","searchName":"「Safari」を使用して Cookie と Web サイトのデータを管理する"},"ibrw1012":{"name":"Safari ウインドウをカスタマイズする"},"ibrw1036":{"name":"プラグインが見つからないとき","searchName":"「Safari」でプラグインが見つからないとき"},"ibrw1039":{"name":"ブックマークを使用する","searchName":"「Safari」でブックマークを使用する"},"ibrw1015":{"name":"ブックマークと履歴を読み込む","searchName":"ブックマークと履歴をほかのブラウザから「Safari」に読み込む"},"sfri11576":{"name":"タブで Web ページを表示する","searchName":"「Safari」を使用してタブで Web ページを表示する"},"sfri21236":{"name":"暗号化された Web ページが開かないとき","searchName":"暗号化された Web ページが「Safari」で開かないとき"},"ibrw1089":{"name":"Web ページを保存する","searchName":"「Safari」を使って Web ページを保存する"},"sfri47acf5d6":{"name":"閲覧履歴を消去する","searchName":"「Safari」の閲覧履歴を消去する"},"ibrw979a931f":{"name":"オフラインで記事を読む"},"ibrw1018":{"name":"Web ページの要素と動作を検査する","searchName":"「Safari」を使用して Web ページの要素と動作を検査する"},"ibrw1041":{"name":"お気に入りバーにブックマークが表示されない場合","searchName":"「Safari」のお気に入りバーにブックマークが表示されない場合"},"ibrwe2159f50":{"name":"「Web サイト」環境設定","searchName":"「Safari」の「Web サイト」環境設定"},"sfri21978704":{"name":"cookies and website data","categories":["aside"]},"ibrw1068":{"name":"Web ページを拡大する","searchName":"「Safari」を使用して Web ページを拡大する"},"cpsh003":{"name":"キーボードおよびその他のショートカット"},"ibrw1020":{"name":"ホームページを設定する","searchName":"「Safari」のホームページを設定する"},"sfri264b84ab":{"name":"force click","categories":["aside"]},"glosc8aef3dc":{"name":"Touch ID","categories":["aside"]},"ibrwe75c2a3c":{"name":"検索オプションを変更する","searchName":"「Safari」を使って検索オプションを変更する"},"sfrid73436cb":{"name":"探している項目を見つける","searchName":"「Safari」で探している項目を見つける"},"sfri40732":{"name":"トラッキングを防止する","searchName":"「Safari」で Web サイトにトラッキングの停止を求める"},"sfri11861":{"name":"トラブルシューティング"},"ibrw1005":{"name":"Web サイトに移動する","searchName":"「Safari」を使用して Web サイトに移動する"},"sfria1042d31":{"name":"「検索」環境設定","searchName":"「Safari」の「検索」環境設定"},"ibrw74269f2c":{"name":"Smart Search field","categories":["aside"]},"ibrw1031":{"name":"Web ページが文字化けしているとき","searchName":"「Safari」で Web ページが文字化けしているとき"},"ibrwa005":{"name":"「自動入力」環境設定","searchName":"「Safari」の「自動入力」環境設定"}},"copyright_text":"Copyright © 2017 Apple Inc.All rights reserved."}