{"css":"","framework":"duck-10.2.11","title":"A Safari súgója","build_id":"596cf887094622bf5f551777","quick_links":[],"icon":"..\/SharedGlobalArt\/AppIconDefault_Safari.png","sections":{"ibrw8586170f":{"name":"Adatvédelem és biztonság","children":["sfri11471","sfri40696","sfri47acf5d6","ibrw1069","sfri40697","sfri40732"]},"ibrwdcc86085":{"name":"Böngészés az interneten","children":["ibrw1005","sfrid73436cb","sfri40726","sfri22092","ibrw1039","sfri11576","ibrw0495694f","ibrw27291639","ibrwae910b47"]},"ibrwc2a4c26f":{"name":"A Safari testreszabása","children":["ibrw1020","ibrw1012","ibrw933b3c1f","ibrwa008","ibrw1068","sfri32508","ibrw1015"]},"ibrwf52aedab":{"name":"Cikkek és megosztott hivatkozások olvasása","children":["sfri35905","sfri32632","ibrw979a931f"]},"ibrw201dc86d":{"name":"Tartalom letöltése, megosztása és mentése","children":["sfri40598","sfri40722","sfri40785","ibrw1089","ibrw1060"]},"ibrw8eb4666f":{"name":"Vásárlás az interneten","children":["ibrw8e207504","ibrw1103"]}},"birdseed_version":5,"toc":["sfri35862","ibrwdcc86085","ibrw8eb4666f","ibrwf52aedab","ibrw201dc86d","ibrwc2a4c26f","ibrw8586170f","cpsh003","sfri11861"],"locale":"hu","version":"10.0","source_schema":"apd-schema","enable_tracking":false,"platform":"mac","build_date":"2017.07.17-11:58:48","landing":"sfri35476","product":"safari","urls":{},"copyright":"","show_previous_next":false,"topics":{"sfri35862":{"name":"A Safari áttekintése"},"ibrw1118":{"name":"Ha egy Safari-funkció nem érhető el, vagy jelszót kell megadnia"},"ibrwa008":{"name":"A Safari beállítása alapértelmezett böngészőként"},"sfri40724":{"name":"Értesítési beállítások","searchName":"Értesítések beállításai a Safariban"},"ibrw933b3c1f":{"name":"A böngészés testreszabása az egyes webhelyekhez"},"sfri35610":{"name":"Adatvédelmi beállítások","searchName":"Adatvédelmi beállítások a Safariban"},"ibrw1060":{"name":"Weboldalak nyomtatása","searchName":"Weboldalak nyomtatása a Safari alkalmazásból"},"ibrw27291639":{"name":"Webes videók lejátszása"},"ibrwae910b47":{"name":"Hang némítása az egyes lapokon","searchName":"Hang némítása a Safari-lapokon"},"sfri35905":{"name":"Olvasási lista használata","searchName":"Olvasási lista használata a Safariban"},"sfri40599":{"name":"Jelszóbeállítások","searchName":"Jelszavak beállításai a Safariban"},"ibrw1066":{"name":"Tanúsítványok és titkosított webhelyek használata","searchName":"Tanúsítványok és titkosított webhelyek használata a Safariban"},"sfri78488bc1":{"name":"administrator","categories":["aside"]},"ibrw1069":{"name":"Privát böngészési ablakok használata","searchName":"Privát böngészési ablakok használata a Safariban"},"ibrw1045":{"name":"Lapok beállításai","searchName":"Lapok beállításai a Safariban"},"sfri4f24ca1c":{"name":"Ha a Safari WebGL biztonsági figyelmeztetést jelenít meg"},"ibrw1071":{"name":"Ha a Safari nem tud megnyitni egy webhelyet"},"ibrw1074":{"name":"Biztonsági beállítások","searchName":"Biztonsági beállítások a Safariban"},"ibrw1113":{"name":"A webes keresések pontosítása","searchName":"A webes keresések pontosítása a Safari használatával"},"sfri32508":{"name":"A Safari bővítményeinek használata"},"ibrw051607b8":{"name":"Apple-eszközök szimulálása","searchName":"Apple-eszközök szimulálása a Safariban"},"sfri40734":{"name":"Webhelyértesítések kezelése","searchName":"Webhelyértesítések kezelése a Safari használatával"},"ibrw1053":{"name":"Proxykiszolgáló beállítása","searchName":"Proxyszerver beállítása a Safari alkalmazással"},"ibrw1077":{"name":"Ha a Safari nem képes egy ablak megnyitására"},"sfri40785":{"name":"Jegyek hozzáadása a Wallet alkalmazáshoz","searchName":"Jegyek hozzáadása a Wallet alkalmazásához a Safari használatával"},"sfri43593":{"name":"Ha a webhely tartalmához beépülő modul szükséges","searchName":"Ha a webhely tartalmához Safari beépülő modul szükséges"},"sfri40697":{"name":"Titkosított webhelyek azonosítása és a csalások elkerülése","searchName":"Titkosított webhelyek azonosítása és a csalások elkerülése a Safarival"},"ibrw1009":{"name":"Weboldalak újbóli meglátogatása","searchName":"Weboldalak újbóli meglátogatása a Safari előzmények használatával"},"ibrw1032":{"name":"Ha egy weboldal szolgáltatásai nem működnek","searchName":"Ha egy weboldal szolgáltatásai nem működnek a Safariban"},"ibrwa006":{"name":"Ha a Safari nem képes letölteni egy elemet a webről"},"sfri563ecfdc":{"name":"Safari Suggestions","categories":["aside"]},"sfri4b415f9c":{"name":"Ha egy webhely WebGL-grafikákkal rendelkezik","searchName":"Ha egy webhely WebGL-grafikákkal rendelkezik a Safariban"},"ibrw53c401e7":{"name":"A Legnépszerűbb webhelyek megtekintése","searchName":"A Safari Legnépszerűbb webhelyek oldalának megtekintése"},"sfri5bcd1b2e":{"name":"malware","categories":["aside"]},"sfri40598":{"name":"Tartalmak letöltése a webről","searchName":"Elemek letöltése a webről a Safari használatával"},"sfri40726":{"name":"A más eszközökön megnyitott weboldalak megtekintése","searchName":"A más eszközökön a Safari böngészőben megnyitott weboldalak megtekintése"},"ibrw1100":{"name":"Ha nem működik az Automatikus kitöltés","searchName":"Ha nem működik az Automatikus kitöltés a Safariban"},"glosbabd4062":{"name":"Touch Bar","categories":["aside"]},"ibrw0495694f":{"name":"A gyakran felkeresett webhelyek címének rögzítése"},"ibrw1103":{"name":"Az Automatikus kitöltés használata","searchName":"Az Automatikus kitöltés használata a Safariban bankkártyák, kontaktok és jelszavak esetén"},"ibrw1090":{"name":"PDF-fájlok megtekintése","searchName":"PDF-fájlok megtekintése a Safari böngészővel"},"sfri22092":{"name":"Kedvencek megtekintése","searchName":"A Safari Kedvencek oldalának megtekintése"},"sfri35476":{"name":"A Safari súgója","href":"sfri35476.html","categories":["landing"]},"sfri20879":{"name":"A számítógépen tárolt adatbázisok","searchName":"A számítógépen tárolt adatbázisok a Safariban"},"glosbdc8e694":{"name":"Apple ID","categories":["aside"]},"sfri35922":{"name":"Ha a Safari hibát észlel a weboldal megjelenítésekor"},"ibrw1072":{"name":"Általános beállítások","searchName":"Általános beállítások a Safariban"},"sfri32632":{"name":"Cikkek zavartalan olvasása","searchName":"Cikkek zavartalan olvasása a Safari Olvasó segítségével"},"sfri27594":{"name":"Ha el kell távolítania egy beépülő modult","searchName":"Ha el kell távolítania egy Safari beépülő modult"},"ibrw1075":{"name":"Haladó beállítások","searchName":"A Safari Speciális beállításai"},"ibrwa001":{"name":"Miért blokkolja a felugró ablakokat?","searchName":"Miért blokkolja a felugró ablakokat a Safari alkalmazásban?"},"ibrw1114":{"name":"A böngészési előzmények keresése","searchName":"A webes böngészési előzmények keresése a Safari használatával"},"sfri40696":{"name":"Felugró ablakok és szükségtelen tartalom blokkolása","searchName":"Felugró ablakok és szükségtelen tartalom blokkolása a Safariban"},"sfri40722":{"name":"Weboldalak továbbítása Twitter-üzenetben, megosztása vagy közzététele","searchName":"Weboldalak továbbítása Twitter-üzenetben, megosztása vagy közzététele a Safari használatával"},"sfri20948":{"name":"A Safari Fejlesztés menüjének használata"},"ibrw1117":{"name":"Ha a Safari nem tud menteni egy jelszót"},"ibrw1080":{"name":"A felhasználók által megtekinthető webhelyek kiválasztása","searchName":"A felhasználók által megtekinthető webhelyek kiválasztása a Safariban"},"ibrw8e207504":{"name":"Fizetés Apple Pay használatával","searchName":"Vásárlás a Safariban az Apple Pay használatával"},"ibrw1033":{"name":"Ha a Safari nem jeleníti meg a weboldalakon található képeket"},"ibrwa007":{"name":"Ha a Safari böngészőt offline próbálja használni","href":"ibrwa007.html","summary":"Ha a Safarival weboldalakat szeretne megtekinteni, a Mac gépének csatlakoznia kell az internethez, hacsak nem adta hozzá az adott oldalt az Olvasási listához, amíg az internethez csatlakozott."},"sfri35826":{"name":"Az internetfiók használata más macOS-alkalmazásokkal"},"sfri32153":{"name":"Bővítménybeállítások","searchName":"Bővítmények beállításai a Safariban"},"sfri11471":{"name":"Sütik és webhelyadatok kezelése","searchName":"Sütik és webhelyadatok kezelése a Safarival"},"ibrw1012":{"name":"A Safari ablakának testreszabása"},"ibrw1036":{"name":"Ha hiányzik egy plugin","searchName":"Ha hiányzik a Safari egy beépülő modulja"},"ibrw1039":{"name":"Könyvjelzők használata","searchName":"Könyvjelzők használata a Safariban"},"ibrw1015":{"name":"Könyvjelzők és előzmények importálása","searchName":"Könyvjelzők és előzmények importálása a Safariba más böngészőkből"},"sfri11576":{"name":"Weboldalak megtekintése lapokon","searchName":"Weboldalak megtekintése a Safarival"},"sfri21236":{"name":"Ha egy titkosított weboldal nem nyílik meg","searchName":"Ha egy titkosított weboldal nem nyílik meg a Safariban"},"ibrw1089":{"name":"Weboldalak mentése","searchName":"Weboldalak mentése a Safari használatával"},"sfri47acf5d6":{"name":"A böngészési előzmények törlése","searchName":"A Safari böngészési előzményeinek törlése"},"ibrw979a931f":{"name":"Cikkek elolvasása offline módban"},"ibrw1018":{"name":"Weboldalak elemeinek a vizsgálata és tevékenységek","searchName":"Weboldalak elemeinek a vizsgálata és tevékenységek a Safari használata során"},"ibrw1041":{"name":"Ha a könyvjelzők nincsenek a Kedvencek sávon","searchName":"Ha hiányoznak a könyvjelzők a Safari kedvenceket tartalmazó sávjáról"},"ibrwe2159f50":{"name":"Webhely-beállítások","searchName":"Webhely-beállítások a Safariban"},"sfri21978704":{"name":"cookies and website data","categories":["aside"]},"ibrw1068":{"name":"Weboldalak nagyítása","searchName":"Weboldalak nagyítása a Safari használatával"},"cpsh003":{"name":"A billentyűzet és más billentyűparancsok"},"ibrw1020":{"name":"A kezdőlap beállítása","searchName":"A kezdőlap beállítása a Safariban"},"sfri264b84ab":{"name":"force click","categories":["aside"]},"glosc8aef3dc":{"name":"Touch ID","categories":["aside"]},"ibrwe75c2a3c":{"name":"Keresési beállítások módosítása","searchName":"Keresési beállítások módosítása a Safari böngészővel"},"sfrid73436cb":{"name":"A keresett tartalom megtalálása","searchName":"A keresett tartalom megnyitása a Safariban"},"sfri40732":{"name":"Követés megakadályozása","searchName":"Webhelyek felszólítása a követés leállítására a Safariban"},"sfri11861":{"name":"Hibaelhárítás"},"ibrw1005":{"name":"Ugrás webhelyekre","searchName":"Webhelyek megnyitása a Safariban"},"sfria1042d31":{"name":"Keresési beállítások","searchName":"Keresési beállítások a Safariban"},"ibrw74269f2c":{"name":"Smart Search field","categories":["aside"]},"ibrw1031":{"name":"Ha egy weboldal olvashatatlanul jelenik meg","searchName":"Ha egy weboldal olvashatatlanul jelenik meg a Safari böngészőben"},"ibrwa005":{"name":"Automatikus kitöltés beállításai","searchName":"Az Automatikus kitöltés beállításai a Safariban"}},"copyright_text":"Copyright © 2017 Apple Inc. Minden jog fenntartva."}