{"css":"","framework":"duck-10.2.11","title":"Довідка Safari","build_id":"596cf884680ce2c127b0edf2","quick_links":[],"icon":"..\/SharedGlobalArt\/AppIconDefault_Safari.png","sections":{"ibrw8586170f":{"name":"Конфіденційність і безпека","children":["sfri11471","sfri40696","sfri47acf5d6","ibrw1069","sfri40697","sfri40732"]},"ibrwdcc86085":{"name":"Перегляд сайтів в Інтернеті","children":["ibrw1005","sfrid73436cb","sfri40726","sfri22092","ibrw1039","sfri11576","ibrw0495694f","ibrw27291639","ibrwae910b47"]},"ibrwc2a4c26f":{"name":"Настроювання Safari","children":["ibrw1020","ibrw1012","ibrw933b3c1f","ibrwa008","ibrw1068","sfri32508","ibrw1015"]},"ibrwf52aedab":{"name":"Читання статей і спільних посилань","children":["sfri35905","sfri32632","ibrw979a931f"]},"ibrw201dc86d":{"name":"Викачування, спільне використання і збереження вмісту","children":["sfri40598","sfri40722","sfri40785","ibrw1089","ibrw1060"]},"ibrw8eb4666f":{"name":"Покупки в Інтернеті","children":["ibrw8e207504","ibrw1103"]}},"birdseed_version":5,"toc":["sfri35862","ibrwdcc86085","ibrw8eb4666f","ibrwf52aedab","ibrw201dc86d","ibrwc2a4c26f","ibrw8586170f","cpsh003","sfri11861"],"locale":"uk","version":"10.0","source_schema":"apd-schema","enable_tracking":false,"platform":"mac","build_date":"2017.07.17-10:58:14","landing":"sfri35476","product":"safari","urls":{},"copyright":"","show_previous_next":false,"topics":{"sfri35862":{"name":"Огляд Safari"},"ibrw1118":{"name":"Що робити, якщо функції Safari недоступні або програма запитує пароль?"},"ibrwa008":{"name":"Використання програми Safari як основного веб-браузера"},"sfri40724":{"name":"Параметри сповіщень","searchName":"Параметри сповіщень у Safari"},"ibrw933b3c1f":{"name":"Настроювання перегляду для окремих веб-сайтів"},"sfri35610":{"name":"Параметри конфіденційності","searchName":"Параметри конфіденційності у Safari"},"ibrw1060":{"name":"Друк веб-сторінок","searchName":"Друк веб-сторінок у програмі Safari"},"ibrw27291639":{"name":"Відтворення відео з Інтернету"},"ibrwae910b47":{"name":"Вимкнення звуку для вкладок","searchName":"Вимкнення звуку для вкладок Safari"},"sfri35905":{"name":"Використання читанки","searchName":"Використання читанки в Safari"},"sfri40599":{"name":"Параметри паролів","searchName":"Параметри паролів у Safari"},"ibrw1066":{"name":"Сертифікати та зашифровані веб-сайти","searchName":"Сертифікати та зашифровані веб-сайти в Safari"},"sfri78488bc1":{"name":"administrator","categories":["aside"]},"ibrw1069":{"name":"Використання вікна «Приватний перегляд»","searchName":"Використання вікна «Приватний перегляд» у Safari"},"ibrw1045":{"name":"Параметри вкладок","searchName":"Параметри вкладок у Safari"},"sfri4f24ca1c":{"name":"Що робити, якщо в Safari з’являється попередження безпеки, пов’язане з використанням WebGL?"},"ibrw1071":{"name":"Якщо програма Safari не може відкрити веб-сайт"},"ibrw1074":{"name":"Параметри безпеки","searchName":"Параметри безпеки у Safari"},"ibrw1113":{"name":"Покращення пошуку в Інтернеті","searchName":"Покращення пошуку в Інтернеті за допомогою програми Safari"},"sfri32508":{"name":"Використання розширень Safari"},"ibrw051607b8":{"name":"Симуляція пристроїв Apple","searchName":"Симуляція пристроїв Apple у Safari"},"sfri40734":{"name":"Керування сповіщеннями від веб-сайтів","searchName":"Керування сповіщеннями веб-сайту за допомогою Safari"},"ibrw1053":{"name":"Настроювання проксі-сервера","searchName":"Настроювання проксі-сервера для роботи з програмою Safari"},"ibrw1077":{"name":"Що робити, якщо програма Safari не може відкрити вікно?"},"sfri40785":{"name":"Додавання талонів у Wallet","searchName":"Додавання талонів у Wallet за допомогою Safari"},"sfri43593":{"name":"Якщо веб-сайт містить вміст, що потребує застосування плагіна","searchName":"Якщо веб-сайт має вміст, що потребує застосування плагіна Safari"},"sfri40697":{"name":"Визначення зашифрованих і уникнення шахрайських веб-сайтів","searchName":"Визначення зашифрованих і уникнення шахрайських веб-сайтів у Safari"},"ibrw1009":{"name":"Повторний перегляд веб-сторінок","searchName":"Повторний перегляд веб-сторінок за допомогою історії браузера Safari"},"ibrw1032":{"name":"Що робити, якщо не працюють функції веб-сторінки?","searchName":"Що робити, якщо в Safari не працюють функції веб-сторінки?"},"ibrwa006":{"name":"Що робити, якщо Safari не може викачати елемент з Інтернету?"},"sfri563ecfdc":{"name":"Safari Suggestions","categories":["aside"]},"sfri4b415f9c":{"name":"Якщо веб-сайт містить графіку WebGL","searchName":"Якщо веб-сайт, відкритий у Safari, містить графіку WebGL"},"ibrw53c401e7":{"name":"Перегляд пріоритетних сайтів","searchName":"Перегляд сторінки «Пріоритетні сайти» у Safari"},"sfri5bcd1b2e":{"name":"malware","categories":["aside"]},"sfri40598":{"name":"Викачування елементів з Інтернету","searchName":"Викачування елементів з Інтернету за допомогою Safari"},"sfri40726":{"name":"Перегляд веб-сторінок, відкритих на інших пристроях","searchName":"Перегляд веб-сторінок, відкритих у Safari, на інших пристроях"},"ibrw1100":{"name":"Що робити, якщо функція автозаповнення не працює?","searchName":"Що робити, якщо функція автозаповнення не працює в Safari?"},"glosbabd4062":{"name":"Touch Bar","categories":["aside"]},"ibrw0495694f":{"name":"ПОзначення часто відвідуваних сайтів"},"ibrw1103":{"name":"Використання функції автозаповнення","searchName":"Використання Автозаповнення для кредитних карток, контактів і паролів у Safari"},"ibrw1090":{"name":"Перегляд файлів PDF","searchName":"Перегляд файлів PDF за допомогою програми Safari"},"sfri22092":{"name":"Перегляд списку «Улюблені»","searchName":"Перегляд сторінки «Улюблені» у Safari"},"sfri35476":{"name":"Довідка Safari","href":"sfri35476.html","categories":["landing"]},"sfri20879":{"name":"Бази даних, що зберігаються на комп’ютері","searchName":"Бази даних, що зберігаються на комп’ютері за допомогою Safari"},"glosbdc8e694":{"name":"Apple ID","categories":["aside"]},"sfri35922":{"name":"Якщо Safari не вдається відобразити веб-сторінку"},"ibrw1072":{"name":"Панель параметрів «Загальні»","searchName":"Загальні параметри у Safari"},"sfri32632":{"name":"Приховання зайвого вмісту в статтях під час читання","searchName":"Приховання зайвого вмісту в статтях під час використання «Зручного читання» в Safari"},"sfri27594":{"name":"Що робити, якщо потрібно видалити плагін?","searchName":"Що робити, якщо потрібно видалити плагін Safari?"},"ibrw1075":{"name":"Експертні параметри","searchName":"Експертні параметри у Safari"},"ibrwa001":{"name":"Навіщо блокувати спливні вікна?","searchName":"Навіщо блокувати спливні вікна в Safari"},"ibrw1114":{"name":"Пошук в історії переглядів","searchName":"Пошук в історії переглядів в Інтернеті за допомогою програми Safari"},"sfri40696":{"name":"Блокування спливних вікон і небажаного вмісту","searchName":"Блокування спливних вікон і небажаного вмісту в Safari"},"sfri40722":{"name":"Пересилання та публікування веб-сторінок у соціальних мережах","searchName":"Оприлюднення та опублікування веб-сторінок за допомогою Safari"},"sfri20948":{"name":"Використання меню «Розробка» Safari"},"ibrw1117":{"name":"Що робити, якщо програма Safari не може зберегти пароль?"},"ibrw1080":{"name":"Вибір веб-сайтів, які можуть переглядати користувачі","searchName":"Вибір веб-сайтів, які можуть переглядати користувачі в Safari"},"ibrw8e207504":{"name":"Оплата через Apple Pay","searchName":"Покупки з Apple Pay у Safari"},"ibrw1033":{"name":"Що робити, якщо програма Safari не відображає зображення на веб-сторінках?"},"ibrwa007":{"name":"Використання програми Safari в автономному режимі","href":"ibrwa007.html","summary":"Щоб перейти на веб-сторінку в Safari, ваш Mac має бути підключений до Інтернету. Це необов’язково, якщо цю сторінку вже додано в Читанку."},"sfri35826":{"name":"Використання свого інтернет-запису в інших програмах macOS"},"sfri32153":{"name":"Параметри розширень","searchName":"Параметри розширень у Safari"},"sfri11471":{"name":"Керування файлами cookie та даними веб-сайтів","searchName":"Керування файлами cookie та даними веб-сайтів за допомогою Safari"},"ibrw1012":{"name":"Настроювання вікна програми Safari"},"ibrw1036":{"name":"Що робити, якщо плагін відсутній?","searchName":"Що робити, якщо плагін Safari відсутній?"},"ibrw1039":{"name":"Використання закладок","searchName":"Використання закладок у Safari"},"ibrw1015":{"name":"Імпортування закладок та історії","searchName":"Імпортування закладок та історії з інших браузерів до Safari"},"sfri11576":{"name":"Перегляд веб-сторінок у вкладках","searchName":"Перегляд веб-сторінок у вкладках програми Safari"},"sfri21236":{"name":"Що робити, якщо не вдається відкрити зашифровану веб-сторінку?","searchName":"Що робити, якщо не вдається відкрити зашифровану веб-сторінку в програмі Safari?"},"ibrw1089":{"name":"Збереження веб-сторінок","searchName":"Збереження веб-сторінок за допомогою браузера Safari"},"sfri47acf5d6":{"name":"Очищення історії переглядів","searchName":"Очищення історії переглядів у програмі Safari"},"ibrw979a931f":{"name":"Читання статей в автономному режимі"},"ibrw1018":{"name":"Дослідження елементів веб-сторінки та процесів","searchName":"Дослідження елементів веб-сторінки та процесів у Safari"},"ibrw1041":{"name":"Що робити, якщо на панелі «Улюблені» відсутні закладки?","searchName":"Що робити, якщо на панелі «Улюблені» програми Safari відсутні закладки?"},"ibrwe2159f50":{"name":"Параметри веб-сайту","searchName":"Параметри веб-сайту в Safari"},"sfri21978704":{"name":"cookies and website data","categories":["aside"]},"ibrw1068":{"name":"Масштабування вмісту на веб-сторінках","searchName":"Масштабування вмісту на веб-сторінках за допомогою Safari"},"cpsh003":{"name":"Клавіатура та інші скорочення"},"ibrw1020":{"name":"Встановлення домашньої сторінки","searchName":"Визначення домашньої сторінки в програмі Safari"},"sfri264b84ab":{"name":"force click","categories":["aside"]},"glosc8aef3dc":{"name":"Touch ID","categories":["aside"]},"ibrwe75c2a3c":{"name":"Змінення опцій пошуку","searchName":"Змінення опцій пошуку в Safari"},"sfrid73436cb":{"name":"Знайдіть саме те, що ви шукаєте","searchName":"Шукайте потрібне за допомогою Safari"},"sfri40732":{"name":"Запобігання відстеженню","searchName":"Заборона відстеження веб-сайтами вашої діяльності в Safari"},"sfri11861":{"name":"Усунення неполадок"},"ibrw1005":{"name":"Перейти","searchName":"Перехід до веб-сайтів за допомогою Safari"},"sfria1042d31":{"name":"Параметри пошуку","searchName":"Параметри пошуку у Safari"},"ibrw74269f2c":{"name":"Smart Search field","categories":["aside"]},"ibrw1031":{"name":"Що робити, якщо веб-сторінку неможливо прочитати?","searchName":"Що робити, якщо веб-сторінку неможливо прочитати у програмі Safari?"},"ibrwa005":{"name":"Параметри автозаповнення","searchName":"Параметри автозаповнення у Safari"}},"copyright_text":"© 2017, Apple Inc. Всі права захищені."}