{"css":"","framework":"duck-10.2.11","title":"Safari Hjälp","build_id":"596cf888680ce2b810b0ee5d","quick_links":[],"icon":"..\/SharedGlobalArt\/AppIconDefault_Safari.png","sections":{"ibrw8586170f":{"name":"Integritet och säkerhet","children":["sfri11471","sfri40696","sfri47acf5d6","ibrw1069","sfri40697","sfri40732"]},"ibrwdcc86085":{"name":"Surfa på webben","children":["ibrw1005","sfrid73436cb","sfri40726","sfri22092","ibrw1039","sfri11576","ibrw0495694f","ibrw27291639","ibrwae910b47"]},"ibrwc2a4c26f":{"name":"Anpassa Safari","children":["ibrw1020","ibrw1012","ibrw933b3c1f","ibrwa008","ibrw1068","sfri32508","ibrw1015"]},"ibrwf52aedab":{"name":"Läsa artiklar och delade länkar","children":["sfri35905","sfri32632","ibrw979a931f"]},"ibrw201dc86d":{"name":"Hämta, dela och spara innehåll","children":["sfri40598","sfri40722","sfri40785","ibrw1089","ibrw1060"]},"ibrw8eb4666f":{"name":"Handla på webben","children":["ibrw8e207504","ibrw1103"]}},"birdseed_version":5,"toc":["sfri35862","ibrwdcc86085","ibrw8eb4666f","ibrwf52aedab","ibrw201dc86d","ibrwc2a4c26f","ibrw8586170f","cpsh003","sfri11861"],"locale":"sv","version":"10.0","source_schema":"apd-schema","enable_tracking":false,"platform":"mac","build_date":"2017.07.17-11:48:36","landing":"sfri35476","product":"safari","urls":{},"copyright":"","show_previous_next":false,"topics":{"sfri35862":{"name":"Safari i översikt"},"ibrw1118":{"name":"Om funktioner i Safari inte är tillgängliga eller om du måste ange ett lösenord"},"ibrwa008":{"name":"Göra Safari till förvald webbläsare"},"sfri40724":{"name":"Inställningspanelen Notiser","searchName":"Inställningspanelen Notiser i Safari"},"ibrw933b3c1f":{"name":"Anpassa surfningen för enskilda webbplatser"},"sfri35610":{"name":"Inställningspanelen Integritetsskydd","searchName":"Inställningspanelen Integritetsskydd i Safari"},"ibrw1060":{"name":"Skriva ut webbsidor","searchName":"Skriva ut webbsidor från Safari"},"ibrw27291639":{"name":"Spela upp webbvideor"},"ibrwae910b47":{"name":"Stänga av ljud i flikar","searchName":"Stänga av ljudet i Safari-flikar"},"sfri35905":{"name":"Spara en läslista","searchName":"Spara en läslista i Safari"},"sfri40599":{"name":"Inställningspanelen Lösenord","searchName":"Inställningspanelen Lösenord i Safari"},"ibrw1066":{"name":"Om certifikat och krypterade webbplatser","searchName":"Om certifikat och krypterade webbplatser i Safari"},"sfri78488bc1":{"name":"administrator","categories":["aside"]},"ibrw1069":{"name":"Använda fönster med privat surfning","searchName":"Använda fönster med privat surfning i Safari"},"ibrw1045":{"name":"Inställningspanelen Flikar","searchName":"Inställningspanelen Flikar i Safari"},"sfri4f24ca1c":{"name":"Om Safari visar en WebGL-säkerhetsvarning"},"ibrw1071":{"name":"Om Safari inte kan öppna en webbplats"},"ibrw1074":{"name":"Inställningspanelen Säkerhet","searchName":"Inställningspanelen Säkerhet i Safari"},"ibrw1113":{"name":"Förbättra dina sökningar","searchName":"Förbättra dina sökningar i Safari"},"sfri32508":{"name":"Använda Safari-tillägg"},"ibrw051607b8":{"name":"Simulera Apple-enheter","searchName":"Simulera Apple-enheter i Safari"},"sfri40734":{"name":"Hantera webbplatsnotiser","searchName":"Hantera webbplatsnotiser med Safari"},"ibrw1053":{"name":"Ställa in en proxyserver","searchName":"Ställa in en proxyserver med Safari"},"ibrw1077":{"name":"Om Safari inte kan öppna ett fönster"},"sfri40785":{"name":"Lägga till kuponger i Wallet","searchName":"Lägga till kuponger i Wallet med Safari"},"sfri43593":{"name":"Om en webbplats kräver insticksfiler","searchName":"Om en webbplats har innehåll för Safari-insticksfiler"},"sfri40697":{"name":"Identifiera krypterade webbplatser och undvika bedragare","searchName":"Identifiera krypterade webbplatser och undvika bedragare med Safari"},"ibrw1009":{"name":"Gå tillbaka till webbsidor","searchName":"Gå tillbaka till en webbsida via historiken i Safari"},"ibrw1032":{"name":"Om funktioner på en webbsida inte fungerar","searchName":"Om funktioner på en webbsida inte fungerar i Safari"},"ibrwa006":{"name":"Om Safari inte kan hämta ett objekt från nätet"},"sfri563ecfdc":{"name":"Safari Suggestions","categories":["aside"]},"sfri4b415f9c":{"name":"Om en webbplats har WebGL-grafik","searchName":"Om en webbplats har WebGL-grafik i Safari"},"ibrw53c401e7":{"name":"Visa dina Top Sites","searchName":"Visa Top Sites-sidan i Safari"},"sfri5bcd1b2e":{"name":"malware","categories":["aside"]},"sfri40598":{"name":"Hämta filer från webben","searchName":"Hämta objekt från webben med Safari"},"sfri40726":{"name":"Visa webbsidor som är öppna på dina andra enheter","searchName":"Visa webbsidor som är öppna i Safari på dina andra enheter"},"ibrw1100":{"name":"Om Autofyll inte fungerar","searchName":"Om Autofyll inte fungerar i Safari"},"glosbabd4062":{"name":"Touch Bar","categories":["aside"]},"ibrw0495694f":{"name":"Fästa ofta besökta webbplatser"},"ibrw1103":{"name":"Använda Autofyll","searchName":"Använda Autofyll för kontokort, kontakter och lösenord i Safari"},"ibrw1090":{"name":"Visa PDF-dokument","searchName":"Visa PDF-dokument med Safari"},"sfri22092":{"name":"Visa favoriter","searchName":"Visa favoritsidan i Safari"},"sfri35476":{"name":"Safari Hjälp","href":"sfri35476.html","categories":["landing"]},"sfri20879":{"name":"Databaser som lagras på datorn","searchName":"Databaser som lagras på datorn med Safari"},"glosbdc8e694":{"name":"Apple ID","categories":["aside"]},"sfri35922":{"name":"Om det uppstår fel vid visning av en webbsida i Safari"},"ibrw1072":{"name":"Inställningspanelen Allmänt","searchName":"Inställningspanelen Allmänt i Safari"},"sfri32632":{"name":"Läsa artiklar utan störningar","searchName":"Läsa artiklar utan störningar med läsaren i Safari"},"sfri27594":{"name":"Om du behöver ta bort en insticksfil","searchName":"Om du behöver ta bort en Safari-insticksfil"},"ibrw1075":{"name":"Inställningspanelen Avancerat","searchName":"Inställningspanelen Avancerat i Safari"},"ibrwa001":{"name":"Blockera popupfönster","searchName":"Blockera popupfönster i Safari"},"ibrw1114":{"name":"Söka i surfhistoriken","searchName":"Sök i din surfhistorik med Safari"},"sfri40696":{"name":"Blockera popupfönster och onödigt innehåll","searchName":"Blockera popupfönster och onödigt innehåll i Safari"},"sfri40722":{"name":"Dela, tweeta eller posta webbsidor","searchName":"Dela, twittra eller posta webbsidor med Safari"},"sfri20948":{"name":"Använda menyn Utvecklare i Safari."},"ibrw1117":{"name":"Om Safari inte kan spara ett lösenord"},"ibrw1080":{"name":"Välja vilka webbplatser som användare kan se","searchName":"Välja vilka webbplatser som användare kan se i Safari"},"ibrw8e207504":{"name":"Betala med Apple Pay","searchName":"Betala med Apple Pay i Safari"},"ibrw1033":{"name":"Om Safari inte visar webbsidebilder"},"ibrwa007":{"name":"Om du försöker använda Safari när du är nedkopplad","href":"ibrwa007.html","summary":"Datorn måste vara ansluten till internet om du vill öppna en webbsida i Safari, med undantag för om du lagt till sidan i läslistan medan du var uppkopplad."},"sfri35826":{"name":"Använda internetkontot med andra macOS-program"},"sfri32153":{"name":"Tilläggsinställningar","searchName":"Inställningspanelen Tillägg i Safari"},"sfri11471":{"name":"Hantera cookies och webbplatsdata","searchName":"Hantera cookies och webbplatsdata med Safari"},"ibrw1012":{"name":"Anpassa Safari-fönstret"},"ibrw1036":{"name":"Om en insticksfil saknas","searchName":"Om en Safari-insticksfil saknas"},"ibrw1039":{"name":"Använda bokmärken","searchName":"Använda bokmärken i Safari"},"ibrw1015":{"name":"Importera bokmärken och historik","searchName":"Importera bokmärken och historik från andra webbläsare till Safari"},"sfri11576":{"name":"Visa webbsidor i flikar","searchName":"Visa webbsidor i flikar med Safari"},"sfri21236":{"name":"Om en krypterad webbsida inte öppnas","searchName":"Om en krypterad webbsida inte öppnas i Safari"},"ibrw1089":{"name":"Spara webbsidor","searchName":"Spara webbsidor med Safari"},"sfri47acf5d6":{"name":"Rensa surfhistoriken","searchName":"Rensa surfhistoriken i Safari"},"ibrw979a931f":{"name":"Läsa artiklar när du är frånkopplad"},"ibrw1018":{"name":"Undersöka webbsideelement och aktivitet","searchName":"Undersöka webbsideelement och aktivitet med Safari"},"ibrw1041":{"name":"Om bokmärken saknas i bokmärkesfältet","searchName":"Om bokmärken saknas i Safaris favoritfält"},"ibrwe2159f50":{"name":"Webbplatsinställningar","searchName":"Webbplatsinställningar i Safari"},"sfri21978704":{"name":"cookies and website data","categories":["aside"]},"ibrw1068":{"name":"Zooma in i webbsidor","searchName":"Zooma in i webbsidor med Safari"},"cpsh003":{"name":"Kortkommandon och andra genvägar"},"ibrw1020":{"name":"Välja startsida","searchName":"Välja startsida i Safari"},"sfri264b84ab":{"name":"force click","categories":["aside"]},"glosc8aef3dc":{"name":"Touch ID","categories":["aside"]},"ibrwe75c2a3c":{"name":"Ändra sökalternativ","searchName":"Ändra sökalternativ i Safari"},"sfrid73436cb":{"name":"Hitta det du letar efter","searchName":"Hitta det du söker efter i Safari"},"sfri40732":{"name":"Förhindra spårning","searchName":"Be webbplatser att inte spåra dig i Safari"},"sfri11861":{"name":"Felsökning"},"ibrw1005":{"name":"Gå till webbplatser","searchName":"Öppna webbplatser i Safari"},"sfria1042d31":{"name":"Inställningspanelen Sök","searchName":"Inställningspanelen Sök i Safari"},"ibrw74269f2c":{"name":"Smart Search field","categories":["aside"]},"ibrw1031":{"name":"Om en webbsida visas förvrängd","searchName":"Om en webbsida visas förvrängd i Safari"},"ibrwa005":{"name":"Inställningspanelen Autofyll","searchName":"Inställningspanelen Autofyll i Safari"}},"copyright_text":"Copyright © 2017 Apple Inc. Alla rättigheter förbehålls."}