{"css":"","framework":"duck-10.2.11","title":"Safari-ohje","build_id":"596cf88309462262265512bf","quick_links":[],"icon":"..\/SharedGlobalArt\/AppIconDefault_Safari.png","sections":{"ibrw8586170f":{"name":"Yksityisyys ja suojaus","children":["sfri11471","sfri40696","sfri47acf5d6","ibrw1069","sfri40697","sfri40732"]},"ibrwdcc86085":{"name":"Verkon selaaminen","children":["ibrw1005","sfrid73436cb","sfri40726","sfri22092","ibrw1039","sfri11576","ibrw0495694f","ibrw27291639","ibrwae910b47"]},"ibrwc2a4c26f":{"name":"Safarin muokkaaminen","children":["ibrw1020","ibrw1012","ibrw933b3c1f","ibrwa008","ibrw1068","sfri32508","ibrw1015"]},"ibrwf52aedab":{"name":"Artikkelien ja jaettujen linkkien lukeminen","children":["sfri35905","sfri32632","ibrw979a931f"]},"ibrw201dc86d":{"name":"Sisällön lataaminen, jakaminen ja tallentaminen","children":["sfri40598","sfri40722","sfri40785","ibrw1089","ibrw1060"]},"ibrw8eb4666f":{"name":"Ostaminen verkosta","children":["ibrw8e207504","ibrw1103"]}},"birdseed_version":5,"toc":["sfri35862","ibrwdcc86085","ibrw8eb4666f","ibrwf52aedab","ibrw201dc86d","ibrwc2a4c26f","ibrw8586170f","cpsh003","sfri11861"],"locale":"fi","version":"10.0","source_schema":"apd-schema","enable_tracking":false,"platform":"mac","build_date":"2017.07.17-10:55:39","landing":"sfri35476","product":"safari","urls":{},"copyright":"","show_previous_next":false,"topics":{"sfri35862":{"name":"Safarin yleiskatsaus"},"ibrw1118":{"name":"Jos jotkin Safarin ominaisuuksista eivät ole käytettävissä tai sinulta kysytään salasanaa"},"ibrwa008":{"name":"Safarin asettaminen oletusselaimeksi"},"sfri40724":{"name":"Ilmoitukset-asetukset","searchName":"Ilmoitusasetukset Safarissa"},"ibrw933b3c1f":{"name":"Yksittäisten verkkosivujen selaamisen muokkaaminen"},"sfri35610":{"name":"Yksityisyysasetukset","searchName":"Yksityisyysasetukset Safarissa"},"ibrw1060":{"name":"Verkkosivujen tulostaminen","searchName":"Verkkosivujen tulostaminen Safarista"},"ibrw27291639":{"name":"Verkkovideoiden toistaminen"},"ibrwae910b47":{"name":"Välilehtien äänen mykistäminen","searchName":"Safari-välilehtien äänen mykistäminen"},"sfri35905":{"name":"Lukulistan käyttäminen","searchName":"Lukulistan käyttäminen Safarissa"},"sfri40599":{"name":"Salasana-asetukset","searchName":"Salasana-asetukset Safarissa"},"ibrw1066":{"name":"Tietoja varmenteista ja salatuista verkkosivustoista","searchName":"Tietoja varmenteista ja salatuista verkkosivustoista Safarissa"},"sfri78488bc1":{"name":"administrator","categories":["aside"]},"ibrw1069":{"name":"Yksityisen selauksen ikkunoiden käyttäminen","searchName":"Yksityisen selauksen ikkunoiden käyttäminen Safarissa"},"ibrw1045":{"name":"Välilehdet-asetukset","searchName":"Välilehdet-asetukset Safarissa"},"sfri4f24ca1c":{"name":"Jos Safari näyttää WebGL-suojausvaroituksen"},"ibrw1071":{"name":"Jos Safari ei voi avata verkkosivustoa"},"ibrw1074":{"name":"Suojausasetukset","searchName":"Suojausasetukset Safarissa"},"ibrw1113":{"name":"Verkkohakujen parantaminen","searchName":"Verkkohakujen parantaminen Safarin avulla"},"sfri32508":{"name":"Safarin laajennusten käyttäminen"},"ibrw051607b8":{"name":"Apple-laitteiden simulointi","searchName":"Apple-laitteiden simulointi Safarissa"},"sfri40734":{"name":"Verkkosivustojen ilmoitusten hallitseminen","searchName":"Verkkosivustojen ilmoitusten hallitseminen Safarissa"},"ibrw1053":{"name":"Välipalvelimen käyttöönottaminen","searchName":"Välipalvelimen käyttöönottaminen Safarin kanssa"},"ibrw1077":{"name":"Jos Safari ei voi avata ikkunaa"},"sfri40785":{"name":"Dokumenttien lisääminen Walletiin","searchName":"Dokumenttien lisääminen Walletiin Safarissa"},"sfri43593":{"name":"Jos verkkosivustolla on liitännäissisältöä","searchName":"Jos verkkosivustolla on Safari-liitännäissisältöä"},"sfri40697":{"name":"Salattujen verkkosivustojen tunnistaminen ja huijausten välttäminen","searchName":"Salattujen verkkosivustojen tunnistaminen ja huijausten välttäminen Safarissa"},"ibrw1009":{"name":"Käydyille verkkosivuille palaaminen","searchName":"Käydyille verkkosivuille palaaminen Safarin historian avulla"},"ibrw1032":{"name":"Jos jotkin verkkosivulla olevat ominaisuudet eivät toimi","searchName":"Jos jotkin verkkosivulla olevat ominaisuudet eivät toimi Safarissa"},"ibrwa006":{"name":"Jos Safari ei voi ladata kohdetta verkosta"},"sfri563ecfdc":{"name":"Safari Suggestions","categories":["aside"]},"sfri4b415f9c":{"name":"Jos verkkosivustolla on WebGL-grafiikoita","searchName":"Jos verkkosivustolla on WebGL-grafiikoita Safarissa"},"ibrw53c401e7":{"name":"Top Sites -sivun katseleminen","searchName":"Safarin Top Sites -sivun katseleminen"},"sfri5bcd1b2e":{"name":"malware","categories":["aside"]},"sfri40598":{"name":"Kohteiden lataaminen verkosta","searchName":"Kohteiden lataaminen verkosta Safarilla"},"sfri40726":{"name":"Muissa laitteissa auki olevien verkkosivujen katseleminen","searchName":"Muiden laitteiden Safarissa auki olevien verkkosivujen katseleminen"},"ibrw1100":{"name":"Jos automaattinen täyttö ei toimi","searchName":"Jos automaattinen täyttö ei toimi Safarissa"},"glosbabd4062":{"name":"Touch Bar","categories":["aside"]},"ibrw0495694f":{"name":"Usein vierailtujen verkkosivustojen näyttäminen"},"ibrw1103":{"name":"Automaattinen täyttö -ominaisuuden käyttö","searchName":"Automaattisen täytön käyttäminen luottokorteille, yhteystiedoille ja salasanoille Safarissa"},"ibrw1090":{"name":"PDF-tiedostojen katseleminen","searchName":"PDF-tiedostojen katseleminen Safarilla"},"sfri22092":{"name":"Suosikkien näyttäminen","searchName":"Safarin Suosikit-sivun katseleminen"},"sfri35476":{"name":"Safari-ohje","href":"sfri35476.html","categories":["landing"]},"sfri20879":{"name":"Tietokoneelle tallennetut tietokannat","searchName":"Safaria käyttävälle tietokoneelle tallennetut tietokannat"},"glosbdc8e694":{"name":"Apple ID","categories":["aside"]},"sfri35922":{"name":"Jos Safari huomaa virheen verkkosivua näyttäessä"},"ibrw1072":{"name":"Yleiset-asetukset","searchName":"Safarin yleiset asetukset"},"sfri32632":{"name":"Artikkelien lukeminen ilman häiritseviä elementtejä","searchName":"Artikkelien lukeminen ilman häiritseviä elementtejä Safarin Lukijalla"},"sfri27594":{"name":"Jos liitännäinen tarvitsee poistaa","searchName":"Jos Safari-liitännäinen tarvitsee poistaa"},"ibrw1075":{"name":"Lisävalinnat-asetukset","searchName":"Safarin Lisävalinnat-asetukset"},"ibrwa001":{"name":"Syitä ponnahdusikkunoiden estämiseen","searchName":"Syitä estää verkkosivujen ponnahdusikkunat Safarissa"},"ibrw1114":{"name":"Selaushistoriasta etsiminen","searchName":"Osoitteen hakeminen selaushistoriasta Safarin avulla"},"sfri40696":{"name":"Ponnahdusikkunoiden ja tarpeettoman sisällön estäminen","searchName":"Ponnahdusikkunoiden ja tarpeettoman sisällön estäminen Safarissa"},"sfri40722":{"name":"Verkkosivujen jakaminen, twiittaaminen tai julkaiseminen","searchName":"Verkkosivujen jakaminen, twiittaaminen tai julkaiseminen"},"sfri20948":{"name":"Käytä Safarin Kehitys-valikkoa."},"ibrw1117":{"name":"Jos Safari ei voi tallentaa salasanaa"},"ibrw1080":{"name":"Verkkosivujen selailurajoitukset","searchName":"Verkkosivujen selailurajoitukset Safarissa"},"ibrw8e207504":{"name":"Apple Paylla maksaminen","searchName":"Apple Paylla maksaminen Safarissa"},"ibrw1033":{"name":"Jos Safari ei näytä verkkosivuilla olevia kuvia"},"ibrwa007":{"name":"Jos yrität käyttää Safaria poissa linjoilta","href":"ibrwa007.html","summary":"Jotta Safari voi avata verkkosivun, Macin on oltava yhteydessä internetiin, ellei sivua ole lisätty lukulistaan linjoilla oltaessa."},"sfri35826":{"name":"Internet-tilin käyttäminen muiden macOS-ohjelmien kanssa"},"sfri32153":{"name":"Laajennukset-asetukset","searchName":"Laajennusasetukset Safarissa"},"sfri11471":{"name":"Evästeiden ja verkkosivustojen datan hallitseminen","searchName":"Evästeiden ja verkkosivustojen datan hallitseminen Safarissa"},"ibrw1012":{"name":"Safari-ikkunan muokkaaminen"},"ibrw1036":{"name":"Jos liitännäinen puuttuu","searchName":"Jos Safari-liitännäinen puuttuu"},"ibrw1039":{"name":"Kirjanmerkkien käyttäminen","searchName":"Kirjanmerkkien käyttäminen Safarissa"},"ibrw1015":{"name":"Kirjanmerkkien ja historian tuominen","searchName":"Kirjanmerkkien ja historian tuominen muista selaimista Safariin"},"sfri11576":{"name":"Verkkosivujen katseleminen välilehdillä","searchName":"Verkkosivujen katseleminen välilehdillä Safarissa"},"sfri21236":{"name":"Jos salattu verkkosivu ei avaudu","searchName":"Jos salattu verkkosivu ei avaudu Safarissa"},"ibrw1089":{"name":"Verkkosivujen tallentaminen","searchName":"Verkkosivujen tallentaminen Safarilla"},"sfri47acf5d6":{"name":"Selaushistorian tyhjentäminen","searchName":"Safarin selaushistorian tyhjentäminen"},"ibrw979a931f":{"name":"Artikkelien lukeminen poissa linjoilta"},"ibrw1018":{"name":"Verkkosivun elementtien ja toiminnan tarkasteleminen","searchName":"Verkkosivun elementtien ja toiminnan tarkasteleminen Safarissa"},"ibrw1041":{"name":"Jos kirjanmerkkejä ei näy Suosikit-palkissa","searchName":"Jos kirjanmerkkejä ei näy Safarin Suosikit-palkissa"},"ibrwe2159f50":{"name":"Verkkosivuston asetukset","searchName":"Verkkosivun asetukset Safarissa"},"sfri21978704":{"name":"cookies and website data","categories":["aside"]},"ibrw1068":{"name":"Verkkosivujen lähentäminen","searchName":"Verkkosivujen lähentäminen Safarin avulla"},"cpsh003":{"name":"Näppäin- ja muut oikotiet"},"ibrw1020":{"name":"Kotisivun asettaminen","searchName":"Kotisivun asettaminen Safarissa"},"sfri264b84ab":{"name":"force click","categories":["aside"]},"glosc8aef3dc":{"name":"Touch ID","categories":["aside"]},"ibrwe75c2a3c":{"name":"Hakuvalintojen muuttaminen","searchName":"Hakuvalintojen muuttaminen Safarissa"},"sfrid73436cb":{"name":"Löydä etsimäsi","searchName":"Tehokas etsiminen Safarissa"},"sfri40732":{"name":"Estä seuranta","searchName":"Miten pyydät Safarissa, että verkkosivustot eivät seuraa sinua"},"sfri11861":{"name":"Vianmääritys"},"ibrw1005":{"name":"Siirtyminen verkkosivustoille","searchName":"Verkkosivustoille siirtyminen Safarissa"},"sfria1042d31":{"name":"Hakuasetukset","searchName":"Hakuasetukset Safarissa"},"ibrw74269f2c":{"name":"Smart Search field","categories":["aside"]},"ibrw1031":{"name":"Jos verkkosivu on vääristynyt","searchName":"Jos Safarin verkkosivu on vääristynyt"},"ibrwa005":{"name":"Automaattisen täytön asetukset","searchName":"Automaattisen täytön asetukset Safarissa"}},"copyright_text":"Copyright © 2017 Apple Inc. Kaikki oikeudet pidätetään."}