{"css":"","framework":"duck-10.2.11","title":"Βοήθεια για το Safari","build_id":"596cf884680ce2b810b0ee3f","quick_links":[],"icon":"..\/SharedGlobalArt\/AppIconDefault_Safari.png","sections":{"ibrw8586170f":{"name":"Απόρρητο και ασφάλεια","children":["sfri11471","sfri40696","sfri47acf5d6","ibrw1069","sfri40697","sfri40732"]},"ibrwdcc86085":{"name":"Περιήγηση στον Ιστό","children":["ibrw1005","sfrid73436cb","sfri40726","sfri22092","ibrw1039","sfri11576","ibrw0495694f","ibrw27291639","ibrwae910b47"]},"ibrwc2a4c26f":{"name":"Προσαρμογή Safari","children":["ibrw1020","ibrw1012","ibrw933b3c1f","ibrwa008","ibrw1068","sfri32508","ibrw1015"]},"ibrwf52aedab":{"name":"Ανάγνωση άρθρων και κοινόχρηστων συνδέσμων","children":["sfri35905","sfri32632","ibrw979a931f"]},"ibrw201dc86d":{"name":"Λήψη, κοινή χρήση και αποθήκευση περιεχομένου","children":["sfri40598","sfri40722","sfri40785","ibrw1089","ibrw1060"]},"ibrw8eb4666f":{"name":"Αγορές στον Ιστό","children":["ibrw8e207504","ibrw1103"]}},"birdseed_version":5,"toc":["sfri35862","ibrwdcc86085","ibrw8eb4666f","ibrwf52aedab","ibrw201dc86d","ibrwc2a4c26f","ibrw8586170f","cpsh003","sfri11861"],"locale":"el","version":"10.0","source_schema":"apd-schema","enable_tracking":false,"platform":"mac","build_date":"2017.07.17-10:56:43","landing":"sfri35476","product":"safari","urls":{},"copyright":"","show_previous_next":false,"topics":{"sfri35862":{"name":"Επισκόπηση Safari"},"ibrw1118":{"name":"Εάν κάποιες δυνατότητες του Safari δεν είναι διαθέσιμες ή σας ζητείται συνθηματικό"},"ibrwa008":{"name":"Το Safari ως το προεπιλεγμένο σας πρόγραμμα περιήγησης στον Ιστό"},"sfri40724":{"name":"Προτιμήσεις γνωστοποιήσεων","searchName":"Προτιμήσεις γνωστοποιήσεων στο Safari"},"ibrw933b3c1f":{"name":"Προσαρμογή περιήγησης για μεμονωμένους ιστότοπους"},"sfri35610":{"name":"Προτιμήσεις απορρήτου","searchName":"Προτιμήσεις απορρήτου στο Safari"},"ibrw1060":{"name":"Εκτύπωση ιστοσελίδων","searchName":"Εκτύπωση ιστοσελίδων από Safari"},"ibrw27291639":{"name":"Αναπαραγωγή βίντεο Ιστού"},"ibrwae910b47":{"name":"Σίγαση ήχου σε καρτέλες","searchName":"Σίγαση ήχου σε καρτέλες Safari"},"sfri35905":{"name":"Τήρηση λίστας ανάγνωσης","searchName":"Τήρηση λίστας ανάγνωσης στο Safari"},"sfri40599":{"name":"Προτιμήσεις συνθηματικών","searchName":"Προτιμήσεις συνθηματικών στο Safari"},"ibrw1066":{"name":"Πληροφορίες για πιστοποιητικά και κρυπτογραφημένους ιστότοπους","searchName":"Πληροφορίες για πιστοποιητικά και κρυπτογραφημένους ιστότοπους στο Safari"},"sfri78488bc1":{"name":"administrator","categories":["aside"]},"ibrw1069":{"name":"Χρήση παραθύρων Ιδιωτικής περιήγησης","searchName":"Χρήση των παραθύρων Ιδιωτικής περιήγησης στο Safari"},"ibrw1045":{"name":"Προτιμήσεις καρτελών","searchName":"Προτιμήσεις καρτελών στο Safari"},"sfri4f24ca1c":{"name":"Αν το Safari εμφανίζει μια Ειδοποίηση ασφάλειας WebGL"},"ibrw1071":{"name":"Αν το Safari δεν είναι δυνατό να ανοίξει έναν ιστότοπο"},"ibrw1074":{"name":"Προτιμήσεις ασφάλειας","searchName":"Προτιμήσεις ασφάλειας στο Safari"},"ibrw1113":{"name":"Βελτίωση των αναζητήσεών σας στον Ιστό","searchName":"Βελτίωση των αναζητήσεών σας στον Ιστό από το Safari"},"sfri32508":{"name":"Χρήση επεκτάσεων Safari"},"ibrw051607b8":{"name":"Προσομοίωση συσκευών Apple","searchName":"Προσομοίωση συσκευών Apple στο Safari"},"sfri40734":{"name":"Διαχείριση γνωστοποιήσεων ιστότοπων","searchName":"Διαχείριση γνωστοποιήσεων ιστότοπων μέσω Safari"},"ibrw1053":{"name":"Διαμόρφωση διακομιστή μεσολάβησης","searchName":"Διαμόρφωση διακομιστή μεσολάβησης με το Safari"},"ibrw1077":{"name":"Αν το Safari δεν είναι δυνατό να ανοίξει ένα παράθυρο"},"sfri40785":{"name":"Προσθήκη πάσων στο Wallet","searchName":"Προσθήκη πάσων στο Wallet μέσω Safari"},"sfri43593":{"name":"Εάν ένας ιστότοπος έχει περιεχόμενο προσθήκης","searchName":"Εάν ένας ιστότοπος έχει περιεχόμενο προσθήκης Safari"},"sfri40697":{"name":"Αναγνώριση κρυπτογραφημένων ιστότοπων και αποφυγή δόλιων ιστότοπων","searchName":"Αναγνώριση κρυπτογραφημένων ιστότοπων και αποφυγή δόλιων ιστότοπων με χρήση του Safari"},"ibrw1009":{"name":"Επανάληψη επίσκεψης ιστοσελίδων","searchName":"Επανάληψη επίσκεψης ιστοσελίδων χρησιμοποιώντας το ιστορικό σας στο Safari"},"ibrw1032":{"name":"Αν κάποιες δυνατότητες σε ιστοσελίδα δεν λειτουργούν","searchName":"Αν κάποιες δυνατότητες σε μια ιστοσελίδα δεν λειτουργούν στο Safari"},"ibrwa006":{"name":"Αν το Safari δεν είναι δυνατό να πραγματοποιήσει λήψη στοιχείου από τον Ιστό"},"sfri563ecfdc":{"name":"Safari Suggestions","categories":["aside"]},"sfri4b415f9c":{"name":"Αν ένας ιστότοπος έχει γραφικά WebGL","searchName":"Αν ένας ιστότοπος έχει γραφικά WebGL στο Safari"},"ibrw53c401e7":{"name":"Προβολή των Κορυφαίων ιστότοπων","searchName":"Προβολή των Κορυφαίων ιστότοπων στο Safari"},"sfri5bcd1b2e":{"name":"malware","categories":["aside"]},"sfri40598":{"name":"Λήψη στοιχείων από τον Ιστό","searchName":"Λήψη στοιχείων από τον Ιστό με χρήση του Safari"},"sfri40726":{"name":"Εμφάνιση των ανοιχτών ιστοσελίδων στις άλλες συσκευές σας","searchName":"Εμφάνιση των ανοιχτών ιστοσελίδων Safari στις άλλες συσκευές σας"},"ibrw1100":{"name":"Εάν η Αυτοσυμπλήρωση δεν λειτουργεί","searchName":"Εάν η Αυτοσυμπλήρωση δεν λειτουργεί στο Safari"},"glosbabd4062":{"name":"Touch Bar","categories":["aside"]},"ibrw0495694f":{"name":"Καρφίτσωμα συχνά επισκεπτόμενων ιστότοπων"},"ibrw1103":{"name":"Χρήση της Αυτοσυμπλήρωσης","searchName":"Χρήση της Αυτοσυμπλήρωσης για πιστωτικές κάρτες, επαφές και συνθηματικά στο Safari"},"ibrw1090":{"name":"Προβολή αρχείων PDF","searchName":"Προβολή αρχείων PDF με το Safari"},"sfri22092":{"name":"Προβολή Αγαπημένων","searchName":"Προβολή της σελίδας «Αγαπημένα» στο Safari:"},"sfri35476":{"name":"Βοήθεια για το Safari","href":"sfri35476.html","categories":["landing"]},"sfri20879":{"name":"Βάσεις δεδομένων αποθηκευμένες στον υπολογιστή σας","searchName":"Βάσεις δεδομένων αποθηκευμένες στον υπολογιστή σας με χρήση Safari"},"glosbdc8e694":{"name":"Apple ID","categories":["aside"]},"sfri35922":{"name":"Εάν το Safari παρουσιάσει σφάλμα κατά την εμφάνιση μιας ιστοσελίδας"},"ibrw1072":{"name":"Γενικές προτιμήσεις","searchName":"Γενικές προτιμήσεις στο Safari"},"sfri32632":{"name":"Ανάγνωση άρθρων χωρίς περιττά στοιχεία","searchName":"Ανάγνωση άρθρων χωρίς περιττά στοιχεία με το πρόγραμμα ανάγνωσης του Safari"},"sfri27594":{"name":"Σε περίπτωση που χρειάζεται να αφαιρέσετε μια προσθήκη","searchName":"Σε περίπτωση που χρειάζεται να αφαιρέσετε μια προσθήκη Safari"},"ibrw1075":{"name":"Προηγμένες προτιμήσεις","searchName":"Προηγμένες προτιμήσεις στο Safari"},"ibrwa001":{"name":"Αποκλεισμός αναδυόμενων παραθύρων","searchName":"Αποκλεισμός αναδυόμενων παραθύρων ιστοσελίδων στο Safari"},"ibrw1114":{"name":"Αναζήτηση στο ιστορικό περιήγησής σας","searchName":"Αναζήτηση στο ιστορικό περιήγησης Ιστού σας με το Safari"},"sfri40696":{"name":"Αποκλεισμός αναδυόμενων παραθύρων και μη απαραίτητου περιεχομένου","searchName":"Αποκλεισμός αναδυόμενων παραθύρων και μη απαραίτητου περιεχομένου στο Safari"},"sfri40722":{"name":"Κοινή χρήση, αποστολή με tweet ή δημοσίευση ιστοσελίδων","searchName":"Κοινή χρήση, αποστολή με tweet ή δημοσίευση ιστοσελίδων μέσω Safari"},"sfri20948":{"name":"Χρήση του μενού «Ανάπτυξη» του Safari"},"ibrw1117":{"name":"Σε περίπτωση που το Safari δεν μπορεί να αποθηκεύσει συνθηματικό"},"ibrw1080":{"name":"Επιλογή ιστοσελίδων για προβολή","searchName":"Επιλογή των ιστοσελίδων που θα μπορούν να προβάλουν οι χρήστες στο Safari"},"ibrw8e207504":{"name":"Πληρωμή με το Apple Pay","searchName":"Πληρωμή μέσω Apple Pay στο Safari"},"ibrw1033":{"name":"Αν το Safari δεν εμφανίζει εικόνες ιστοσελίδας"},"ibrwa007":{"name":"Αν προσπαθείτε να χρησιμοποιήσετε το Safari εκτός σύνδεσης","href":"ibrwa007.html","summary":"Το Mac σας πρέπει να είναι συνδεδεμένο στο Διαδίκτυο για να επισκεφτείτε μια ιστοσελίδα μέσω του Safari, εκτός κι αν έχετε προσθέσει την εν λόγω σελίδα στη Λίστα ανάγνωσης ενώ ήσασταν συνδεδεμένοι στο Διαδίκτυο."},"sfri35826":{"name":"Χρήση του λογαριασμού Διαδικτύου σας με άλλες εφαρμογές macOS"},"sfri32153":{"name":"Προτιμήσεις επεκτάσεων","searchName":"Προτιμήσεις επεκτάσεων στο Safari"},"sfri11471":{"name":"Διαχείριση cookie και δεδομένων ιστότοπου","searchName":"Διαχείριση cookie και δεδομένων ιστότοπου με χρήση του Safari"},"ibrw1012":{"name":"Προσαρμογή του παραθύρου Safari"},"ibrw1036":{"name":"Αν λείπει μια προσθήκη","searchName":"Αν λείπει μια προσθήκη Safari"},"ibrw1039":{"name":"Χρήση σελιδοδεικτών","searchName":"Χρήση σελιδοδεικτών στο Safari"},"ibrw1015":{"name":"Εισαγωγή σελιδοδεικτών και ιστορικού","searchName":"Εισαγωγή σελιδοδεικτών και ιστορικού στο Safari από άλλα προγράμματα περιήγησης"},"sfri11576":{"name":"Άνοιγμα ιστοσελίδων σε καρτέλες","searchName":"Προβολή ιστοσελίδων σε καρτέλες με το Safari"},"sfri21236":{"name":"Σε περίπτωση που μια κρυπτογραφημένη ιστοσελίδα δεν ανοίγει","searchName":"Σε περίπτωση που μια κρυπτογραφημένη ιστοσελίδα δεν ανοίγει στο Safari"},"ibrw1089":{"name":"Αποθήκευση ιστοσελίδων","searchName":"Αποθήκευση ιστοσελίδων με χρήση του Safari"},"sfri47acf5d6":{"name":"Διαγραφή του ιστορικού περιήγησης","searchName":"Διαγραφή του ιστορικού περιήγησής σας στο Safari"},"ibrw979a931f":{"name":"Ανάγνωση άρθρων εκτός σύνδεσης"},"ibrw1018":{"name":"Εξέταση στοιχείων και και δραστηριότητας ιστοσελίδων","searchName":"Εξέταση στοιχείων και και δραστηριότητας ιστοσελίδων μέσω του Safari"},"ibrw1041":{"name":"Αν λείπουν σελιδοδείκτες από τη γραμμή «Αγαπημένα»","searchName":"Στην περίπτωση που λείπουν σελιδοδείκτες από τη γραμμή «Αγαπημένα» του Safari"},"ibrwe2159f50":{"name":"Προτιμήσεις για ιστότοπους","searchName":"Προτιμήσεις για ιστότοπους στο Safari"},"sfri21978704":{"name":"cookies and website data","categories":["aside"]},"ibrw1068":{"name":"Ζουμ σε ιστοσελίδες","searchName":"Ζουμ σε ιστοσελίδες μέσω του Safari"},"cpsh003":{"name":"Συντομεύσεις πληκτρολογίου και άλλες συντομεύσεις"},"ibrw1020":{"name":"Καθορισμός της αρχικής σελίδας","searchName":"Καθορισμός της αρχικής σελίδας στο Safari"},"sfri264b84ab":{"name":"force click","categories":["aside"]},"glosc8aef3dc":{"name":"Touch ID","categories":["aside"]},"ibrwe75c2a3c":{"name":"Αλλαγή επιλογών αναζήτησης","searchName":"Αλλαγή επιλογών αναζήτησης μέσω του Safari"},"sfrid73436cb":{"name":"Βρείτε αυτό που αναζητάτε","searchName":"Βρείτε αυτό που αναζητάτε στο Safari"},"sfri40732":{"name":"Αποτροπή ανίχνευσης","searchName":"Να ζητείται σε ιστότοπους να μην σας παρακολουθούν στο Safari"},"sfri11861":{"name":"Αντιμετώπιση προβλημάτων"},"ibrw1005":{"name":"Μετάβαση σε ιστότοπους","searchName":"Μετάβαση σε ιστότοπους μέσω του Safari"},"sfria1042d31":{"name":"Προτιμήσεις αναζήτησης","searchName":"Προτιμήσεις αναζήτησης στο Safari"},"ibrw74269f2c":{"name":"Smart Search field","categories":["aside"]},"ibrw1031":{"name":"Αν μια ιστοσελίδα είναι κατεστραμμένη","searchName":"Σε περίπτωση που κάποια ιστοσελίδα είναι κατεστραμμένη στο Safari"},"ibrwa005":{"name":"Προτιμήσεις αυτοσυμπλήρωσης","searchName":"Προτιμήσεις αυτοσυμπλήρωσης στο Safari"}},"copyright_text":"Copyright © 2017 Apple Inc. Με επιφύλαξη κάθε δικαιώματος."}