{"css":"","framework":"duck-10.2.11","title":"Safari Help","build_id":"596cf886680ce2c127b0ee04","quick_links":[],"icon":"..\/SharedGlobalArt\/AppIconDefault_Safari.png","sections":{"ibrw8586170f":{"name":"Privacy en beveiliging","children":["sfri11471","sfri40696","sfri47acf5d6","ibrw1069","sfri40697","sfri40732"]},"ibrwdcc86085":{"name":"Surfen op het web","children":["ibrw1005","sfrid73436cb","sfri40726","sfri22092","ibrw1039","sfri11576","ibrw0495694f","ibrw27291639","ibrwae910b47"]},"ibrwc2a4c26f":{"name":"Safari aanpassen","children":["ibrw1020","ibrw1012","ibrw933b3c1f","ibrwa008","ibrw1068","sfri32508","ibrw1015"]},"ibrwf52aedab":{"name":"Artikelen lezen en gedeelde koppelingen bekijken","children":["sfri35905","sfri32632","ibrw979a931f"]},"ibrw201dc86d":{"name":"Materiaal downloaden, delen en bewaren","children":["sfri40598","sfri40722","sfri40785","ibrw1089","ibrw1060"]},"ibrw8eb4666f":{"name":"Winkelen op het web","children":["ibrw8e207504","ibrw1103"]}},"birdseed_version":5,"toc":["sfri35862","ibrwdcc86085","ibrw8eb4666f","ibrwf52aedab","ibrw201dc86d","ibrwc2a4c26f","ibrw8586170f","cpsh003","sfri11861"],"locale":"nl","version":"10.0","source_schema":"apd-schema","enable_tracking":false,"platform":"mac","build_date":"2017.07.17-12:02:03","landing":"sfri35476","product":"safari","urls":{},"copyright":"","show_previous_next":false,"topics":{"sfri35862":{"name":"Overzicht van Safari"},"ibrw1118":{"name":"Voorzieningen van Safari zijn niet beschikbaar of er wordt om een wachtwoord gevraagd"},"ibrwa008":{"name":"Safari als standaardwebbrowser instellen"},"sfri40724":{"name":"Het paneel 'Berichtgeving' in Systeemvoorkeuren","searchName":"Het voorkeurenpaneel 'Meldingen' in Safari"},"ibrw933b3c1f":{"name":"Browserinstellingen aanpassen voor afzonderlijke websites"},"sfri35610":{"name":"Privacyvoorkeuren","searchName":"Het voorkeurenpaneel 'Privacy' in Safari"},"ibrw1060":{"name":"Webpagina's afdrukken","searchName":"Webpagina's afdrukken vanuit Safari"},"ibrw27291639":{"name":"Webvideo's afspelen"},"ibrwae910b47":{"name":"De audio uitschakelen voor tabbladen","searchName":"Audio uitschakelen in Safari-tabbladen"},"sfri35905":{"name":"Een leeslijst bijhouden","searchName":"Een leeslijst bijhouden in Safari"},"sfri40599":{"name":"Wachtwoordvoorkeuren","searchName":"Het voorkeurenpaneel 'Wachtwoorden' in Safari"},"ibrw1066":{"name":"Informatie over certificaten en gecodeerde websites","searchName":"Informatie over certificaten en gecodeerde websites in Safari"},"sfri78488bc1":{"name":"administrator","categories":["aside"]},"ibrw1069":{"name":"Privévensters gebruiken","searchName":"Privévensters gebruiken in Safari"},"ibrw1045":{"name":"Het voorkeurenpaneel 'Tabbladen'","searchName":"Het voorkeurenpaneel 'Tabbladen' in Safari"},"sfri4f24ca1c":{"name":"Er wordt een WebGL-beveiligingswaarschuwing weergegeven in Safari"},"ibrw1071":{"name":"Problemen met het openen van een website"},"ibrw1074":{"name":"Beveiligingsvoorkeuren","searchName":"Het voorkeurenpaneel 'Beveiliging' in Safari"},"ibrw1113":{"name":"Zoekopdrachten op het web verbeteren","searchName":"Zoekopdrachten op het web verbeteren in Safari"},"sfri32508":{"name":"Safari-extensies gebruiken"},"ibrw051607b8":{"name":"Apple apparaten simuleren","searchName":"Apple apparaten simuleren in Safari"},"sfri40734":{"name":"Websitemeldingen beheren","searchName":"Websitemeldingen beheren met Safari"},"ibrw1053":{"name":"Een proxyserver instellen","searchName":"Een proxyserver instellen in Safari"},"ibrw1077":{"name":"Problemen met het openen van een venster"},"sfri40785":{"name":"Kaarten toevoegen aan Wallet","searchName":"Kaarten toevoegen aan Wallet in Safari"},"sfri43593":{"name":"Een website bevat pluginmateriaal","searchName":"Een website bevat Safari-pluginmateriaal"},"sfri40697":{"name":"Gecodeerde websites identificeren en frauduleuze websites vermijden","searchName":"Gecodeerde websites identificeren en frauduleuze websites vermijden met Safari"},"ibrw1009":{"name":"Webpagina's opnieuw bezoeken","searchName":"Webpagina's opnieuw bezoeken via uw Safari-geschiedenis"},"ibrw1032":{"name":"Voorzieningen van een webpagina werken niet","searchName":"Voorzieningen op een webpagina werken niet in Safari"},"ibrwa006":{"name":"Problemen met het downloaden van een onderdeel van het web"},"sfri563ecfdc":{"name":"Safari Suggestions","categories":["aside"]},"sfri4b415f9c":{"name":"Een website biedt grafische WebGL-voorzieningen","searchName":"Een website biedt grafische WebGL-voorzieningen in Safari"},"ibrw53c401e7":{"name":"Uw Top Sites bekijken","searchName":"De pagina met Top Sites in Safari bekijken"},"sfri5bcd1b2e":{"name":"malware","categories":["aside"]},"sfri40598":{"name":"Onderdelen van het web downloaden","searchName":"Onderdelen van het web downloaden met Safari"},"sfri40726":{"name":"De webpagina's weergeven die op uw andere apparaten zijn geopend","searchName":"De webpagina's weergeven die op uw andere apparaten in Safari zijn geopend"},"ibrw1100":{"name":"Automatisch invullen werkt niet","searchName":"Automatisch invullen werkt niet in Safari"},"glosbabd4062":{"name":"Touch Bar","categories":["aside"]},"ibrw0495694f":{"name":"Veelbezochte websites markeren"},"ibrw1103":{"name":"Gegevens automatisch invullen","searchName":"Creditcards, contactgegevens en wachtwoorden automatisch invullen in Safari"},"ibrw1090":{"name":"Pdf-bestanden weergeven","searchName":"Pdf-bestanden weergeven in Safari"},"sfri22092":{"name":"Favorieten bekijken","searchName":"De pagina met Safari-favorieten bekijken"},"sfri35476":{"name":"Safari Help","href":"sfri35476.html","categories":["landing"]},"sfri20879":{"name":"Databases op uw computer","searchName":"Databases die op uw computer worden bewaard met Safari"},"glosbdc8e694":{"name":"Apple ID","categories":["aside"]},"sfri35922":{"name":"Er treedt een fout op bij het weergeven van een webpagina"},"ibrw1072":{"name":"Het voorkeurenpaneel 'Algemeen'","searchName":"Het voorkeurenpaneel 'Algemeen' in Safari"},"sfri32632":{"name":"Artikelen lezen zonder afleiding","searchName":"Artikelen lezen zonder afleiding met Safari Reader"},"sfri27594":{"name":"U wilt een plugin verwijderen","searchName":"U wilt een Safari-plugin verwijderen"},"ibrw1075":{"name":"Het voorkeurenpaneel 'Geavanceerd'","searchName":"Het voorkeurenpaneel 'Geavanceerd' in Safari"},"ibrwa001":{"name":"Waarom pop-upvensters blokkeren?","searchName":"Waarom pop-upvensters blokkeren op webpagina's in Safari?"},"ibrw1114":{"name":"Zoeken in het geschiedenisoverzicht","searchName":"Met Safari zoeken in het geschiedenisoverzicht"},"sfri40696":{"name":"Pop-ups en onnodig materiaal blokkeren","searchName":"Pop-ups en onnodig materiaal blokkeren in Safari"},"sfri40722":{"name":"Webpagina's delen of op Twitter plaatsen","searchName":"Webpagina's delen of op Twitter plaatsen met Safari"},"sfri20948":{"name":"Het Ontwikkel-menu van Safari gebruiken"},"ibrw1117":{"name":"Een wachtwoord kan niet worden bewaard"},"ibrw1080":{"name":"Bepalen welke websites gebruikers kunnen bekijken","searchName":"Bepalen welke websites gebruikers kunnen bekijken in Safari"},"ibrw8e207504":{"name":"Betalen met Apple Pay","searchName":"Betalen met Apple Pay in Safari"},"ibrw1033":{"name":"Safari geeft geen afbeeldingen op een webpagina weer"},"ibrwa007":{"name":"U probeert Safari offline te gebruiken","href":"ibrwa007.html","summary":"Als u een webpagina wilt openen in Safari, moet uw Mac verbonden zijn met het internet. Dit hoeft niet als u de webpagina aan uw leeslijst hebt toegevoegd terwijl u online was."},"sfri35826":{"name":"Uw internetaccount gebruiken met andere macOS-programma's"},"sfri32153":{"name":"Het paneel 'Extensies'","searchName":"Het voorkeurenpaneel 'Extensies' in Safari"},"sfri11471":{"name":"Cookies en websitegegevens beheren","searchName":"Cookies en websitegegevens beheren in Safari"},"ibrw1012":{"name":"De weergave van het Safari-venster aanpassen"},"ibrw1036":{"name":"Ontbrekende plugins","searchName":"Ontbrekende Safari-plugins"},"ibrw1039":{"name":"Bladwijzers gebruiken","searchName":"Bladwijzers gebruiken in Safari"},"ibrw1015":{"name":"Bladwijzers en geschiedenis importeren","searchName":"Bladwijzers en geschiedenis uit andere browsers importeren in Safari"},"sfri11576":{"name":"Webpagina's in tabbladen weergeven","searchName":"Webpagina's in tabbladen weergeven in Safari"},"sfri21236":{"name":"Problemen met het openen van gecodeerde webpagina's","searchName":"Problemen met het openen van gecodeerde webpagina's in Safari"},"ibrw1089":{"name":"Webpagina's bewaren","searchName":"Webpagina's bewaren met Safari"},"sfri47acf5d6":{"name":"Uw geschiedenisoverzicht wissen","searchName":"Uw geschiedenisoverzicht wissen in Safari"},"ibrw979a931f":{"name":"Artikelen offline lezen"},"ibrw1018":{"name":"Elementen en activiteiten van webpagina's bekijken","searchName":"Elementen en activiteiten van webpagina's bekijken met Safari"},"ibrw1041":{"name":"Bladwijzers ontbreken in de favorietenbalk","searchName":"Bladwijzers ontbreken in de favorietenbalk van Safari"},"ibrwe2159f50":{"name":"Websitevoorkeuren","searchName":"Het voorkeurenpaneel 'Websites' in Safari"},"sfri21978704":{"name":"cookies and website data","categories":["aside"]},"ibrw1068":{"name":"Op webpagina's inzoomen","searchName":"Inzoomen op webpagina's met Safari"},"cpsh003":{"name":"Toetscombinaties en andere sneltoetsen"},"ibrw1020":{"name":"Uw startpagina instellen","searchName":"Uw startpagina in Safari instellen"},"sfri264b84ab":{"name":"force click","categories":["aside"]},"glosc8aef3dc":{"name":"Touch ID","categories":["aside"]},"ibrwe75c2a3c":{"name":"Zoekopties wijzigen","searchName":"Zoekopties wijzigen in Safari"},"sfrid73436cb":{"name":"Informatie zoeken","searchName":"Informatie zoeken in Safari"},"sfri40732":{"name":"Voorkomen dat websites u volgen","searchName":"Websites vragen u niet te volgen in Safari"},"sfri11861":{"name":"Problemen oplossen"},"ibrw1005":{"name":"Websites bekijken","searchName":"Websites bekijken in Safari"},"sfria1042d31":{"name":"Zoekvoorkeuren","searchName":"Het voorkeurenpaneel 'Zoeken' in Safari"},"ibrw74269f2c":{"name":"Smart Search field","categories":["aside"]},"ibrw1031":{"name":"Een webpagina is onleesbaar","searchName":"Een webpagina is onleesbaar in Safari"},"ibrwa005":{"name":"Voorkeuren voor automatisch invullen","searchName":"Het voorkeurenpaneel 'Formulieren' in Safari"}},"copyright_text":"Copyright © 2017 Apple Inc. Alle rechten voorbehouden."}