{"css":"","framework":"duck-10.2.10","title":"Bantuan Safari","build_id":"598cde98680ce2832ee6d7cc","quick_links":[],"icon":"..\/SharedGlobalArt\/AppIconDefault_Safari.png","sections":{"ibrw8586170f":{"name":"Privasi dan keselamatan","children":["sfri11471","sfri40696","sfri47acf5d6","ibrw1069","sfri40697","sfri40732"]},"ibrwdcc86085":{"name":"Layari web","children":["ibrw1005","sfrid73436cb","sfri40726","sfri22092","ibrw1039","sfri11576","ibrw0495694f","ibrw27291639","ibrwae910b47"]},"ibrwc2a4c26f":{"name":"Sesuaikan Safari","children":["ibrw1020","ibrw1012","ibrw933b3c1f","ibrwa008","ibrw1068","sfri32508","ibrw1015"]},"ibrwf52aedab":{"name":"Baca artikel dan pautan dikongsi","children":["sfri35905","sfri32632","ibrw979a931f"]},"ibrw201dc86d":{"name":"Muat turun, kongsi dan simpan kandungan","children":["sfri40598","sfri40722","sfri40785","ibrw1089","ibrw1060"]},"ibrw8eb4666f":{"name":"Beli di web","children":["ibrw8e207504","ibrw1103"]}},"birdseed_version":5,"toc":["sfri35862","ibrwdcc86085","ibrw8eb4666f","ibrwf52aedab","ibrw201dc86d","ibrwc2a4c26f","ibrw8586170f","cpsh003","sfri11861"],"locale":"ms","version":"10.0","source_schema":"apd-schema","enable_tracking":false,"platform":"mac","build_date":"2017.08.10-15:38:31","landing":"sfri35476","product":"safari","urls":{},"copyright":"","show_previous_next":false,"topics":{"sfri35862":{"name":"Gambaran keseluruhan Safari"},"ibrw1118":{"name":"Jika ciri Safari tidak tersedia atau anda ditanya untuk kata laluan"},"ibrwa008":{"name":"Jadikan Safari pelayar web lalai anda"},"sfri40724":{"name":"Keutamaan Pemberitahuan","searchName":"Keutamaan pemberitahuan dalam Safari"},"ibrw933b3c1f":{"name":"Sesuaikan pelayaran untuk tapak web individu"},"sfri35610":{"name":"Keutamaan privasi","searchName":"Keutamaan privasi dalam Safari"},"ibrw1060":{"name":"Cetak halaman web","searchName":"Cetak halaman web dari Safari"},"ibrw27291639":{"name":"Main video web"},"ibrwae910b47":{"name":"Senyapkan audio dalam tab","searchName":"Senyapkan audio dalam tab Safari"},"sfri35905":{"name":"Simpan senarai bacaan","searchName":"Simpan senarai bacaan dalam Safari"},"sfri40599":{"name":"Keutamaan kata laluan","searchName":"Keutamaan kata laluan dalam Safari"},"ibrw1066":{"name":"Perihal sijil dan laman web disulitkan","searchName":"Perihal sijil dan laman web disulitkan dalam Safari"},"sfri78488bc1":{"name":"administrator","categories":["aside"]},"ibrw1069":{"name":"Gunakan tetingkap Pelayaran Peribadi","searchName":"Gunakan tetingkap Pelayaran Peribadi dalam Safari"},"ibrw1045":{"name":"Keutamaan tab","searchName":"Keutamaan tab dalam Safari"},"sfri4f24ca1c":{"name":"Jika Safari paparkan amaran keselamatan WebGL"},"ibrw1071":{"name":"Jika Safari tidak dapat membuka laman web"},"ibrw1074":{"name":"Keutamaan Keselamatan","searchName":"Keutamaan keselamatan dalam Safari"},"ibrw1113":{"name":"Perbaiki carian web anda","searchName":"Perbaiki carian web anda menggunakan Safari"},"sfri32508":{"name":"Gunakan sambungan Safari"},"ibrw051607b8":{"name":"Simulasikan peranti Apple","searchName":"Simulasikan peranti Apple dalam Safari"},"sfri40734":{"name":"Uruskan pemberitahuan laman web","searchName":"Uruskan pemberitahuan laman web menggunakan Safari"},"ibrw1053":{"name":"Setkan pelayan proksi","searchName":"Setkan pelayan proksi dengan Safari"},"ibrw1077":{"name":"Jika Safari tidak dapat membuka tetingkap"},"sfri40785":{"name":"Tambah pas ke Wallet","searchName":"Tambah pas ke Wallet menggunakan Safari"},"sfri43593":{"name":"Jika halaman web mempunyai kandungan plug-in","searchName":"Jika laman web mempunyai kandungan plug-in Safari"},"sfri40697":{"name":"Mengenal pasti laman web yang disulitkan dan mengelakkan penipuan","searchName":"Mengenal pasti laman web yang disulitkan dan mengelakkan penipuan menggunakan Safari"},"ibrw1009":{"name":"Lawati semula halaman web","searchName":"Lawati semula halaman web menggunakan sejarah Safari anda"},"ibrw1032":{"name":"Jika ciri pada halaman web tidak berfungsi","searchName":"Jika ciri pada halaman web tidak berfungsi dalam Safari"},"ibrwa006":{"name":"Jika Safari tidak dapat muat turun item dari web"},"sfri563ecfdc":{"name":"Safari Suggestions","categories":["aside"]},"sfri4b415f9c":{"name":"Jika halaman web mempunyai grafik WebGL","searchName":"Jika laman web mempunyai grafik WebGL dalam Safari"},"ibrw53c401e7":{"name":"Lihat Laman Teratas anda","searchName":"Lihat halaman Laman Teratas Safari"},"sfri5bcd1b2e":{"name":"malware","categories":["aside"]},"sfri40598":{"name":"Muat turun item dari web","searchName":"Muat turun item dari web menggunakan Safari."},"sfri40726":{"name":"Lihat halaman web terbuka pada peranti lain anda","searchName":"Lihat halaman web yang dibuka dalam Safari pada peranti lain anda"},"ibrw1100":{"name":"Jika Isi Auto tidak berfungsi","searchName":"Jika Isi Auto tidak berfungsi dalam Safari"},"glosbabd4062":{"name":"Touch Bar","categories":["aside"]},"ibrw0495694f":{"name":"Pinkan laman web kerap dilawati"},"ibrw1103":{"name":"Gunakan Isi Auto","searchName":"Gunakan Isi Auto untuk kad kredit, kenalan dan kata laluan dalam Safari"},"ibrw1090":{"name":"Lihat fail PDF","searchName":"Lihat fail PDF dengan Safari"},"sfri22092":{"name":"Lihat Kegemaran","searchName":"Lihat halaman Kegemaran Safari"},"sfri35476":{"name":"Bantuan Safari","href":"sfri35476.html","categories":["landing"]},"sfri20879":{"name":"Pangkalan data disimpan pada komputer anda","searchName":"Pangkalan data disimpan pada komputer anda menggunakan Safari"},"glosbdc8e694":{"name":"Apple ID","categories":["aside"]},"sfri35922":{"name":"Jika Safari mengalami ralat memaparkan halaman web"},"ibrw1072":{"name":"Keutamaan umum","searchName":"Keutamaan umum dalam Safari"},"sfri32632":{"name":"Baca artikel bebas serabut","searchName":"Baca artikel bebas serabut dengan Pembaca Safari"},"sfri27594":{"name":"Jika anda perlu mengeluarkan plug-in","searchName":"Jika anda perlu keluarkan plug-in Safari"},"ibrw1075":{"name":"Keutamaan lanjutan","searchName":"Keutamaan lanjutan dalam Safari"},"ibrwa001":{"name":"Kenapa sekat tetingkap timbul?","searchName":"Kenapa sekat timbul pada halaman web dalam Safari?"},"ibrw1114":{"name":"Cari sejarah pelayaran anda","searchName":"Cari sejarah pelayaran web anda menggunakan Safari"},"sfri40696":{"name":"Sekat timbul dan kandungan yang tidak diperlukan","searchName":"Sekat timbul dan kandungan yang tidak diperlukan dalam Safari"},"sfri40722":{"name":"Kongsi, tweet atau siarkan halaman web","searchName":"Kongsi, tweet atau siarkan halaman web menggunakan Safari"},"sfri20948":{"name":"Gunakan menu Pemaju Safari"},"ibrw1117":{"name":"Jika Safari tidak dapat menyimpan kata laluan"},"ibrw1080":{"name":"Pilih laman web mana pengguna boleh lihat","searchName":"Pilih laman web mana pengguna boleh melihat dalam Safari"},"ibrw8e207504":{"name":"Bayar dengan Apple Pay","searchName":"Beli-belah dengan Apple Pay dalam Safari"},"ibrw1033":{"name":"Jika Safari tidak memaparkan imej halaman web"},"ibrwa007":{"name":"Jika anda sedang mencuba menggunakan Safari semasa di luar talian","href":"ibrwa007.html","summary":"Mac anda mesti disambungkan ke Internet untuk pergi ke halaman web menggunakan Safari, melainkan anda menambah halaman ke Senarai Bacaan anda semasa anda di luar talian."},"sfri35826":{"name":"Gunakan akaun Internet anda dengan aplikasi macOS lain"},"sfri32153":{"name":"Keutamaan Sambungan","searchName":"Keutamaan Sambungan dalam Safari"},"sfri11471":{"name":"Uruskan kuki dan data laman web","searchName":"Uruskan kuki dan data laman web menggunakan Safari"},"ibrw1012":{"name":"Menyesuaikan tetingkap Safari"},"ibrw1036":{"name":"Jika plug-in tiada","searchName":"Jika plug-in Safari tiada"},"ibrw1039":{"name":"Gunakan penanda buku","searchName":"Gunakan penanda buku dalam Safari"},"ibrw1015":{"name":"Import penanda buku dan sejarah","searchName":"Import penanda buku dan sejarah ke Safari dari pelayar lain"},"sfri11576":{"name":"Lihat halaman web dalam tab","searchName":"Lihat halaman web dalam tab menggunakan Safari."},"sfri21236":{"name":"Jika halaman web disulitkan tidak terbuka","searchName":"Jika halaman web disulitkan tidak terbuka dalam Safari"},"ibrw1089":{"name":"Simpan halaman web","searchName":"Simpan halaman web menggunakan Safari"},"sfri47acf5d6":{"name":"Kosongkan sejarah pelayaran anda","searchName":"Kosongkan sejarah pelayaran Safari anda"},"ibrw979a931f":{"name":"Baca artikel di luar talian"},"ibrw1018":{"name":"Memeriksa unsur dan aktiviti halaman web","searchName":"Memeriksa unsur dan aktiviti halaman web menggunakan Safari"},"ibrw1041":{"name":"Jika penanda buku tiada dari bar Kegemaran","searchName":"Jika penanda buku tiada dari bar Kegemaran Safari"},"ibrwe2159f50":{"name":"Keutamaan tapak web","searchName":"Keutamaan tapak web dalam Safari"},"sfri21978704":{"name":"cookies and website data","categories":["aside"]},"ibrw1068":{"name":"Zum masuk pada halaman web","searchName":"Zum masuk pada halaman web menggunakan Safari"},"cpsh003":{"name":"Papan kekunci dan pintasan lain"},"ibrw1020":{"name":"Setkan halaman utama anda","searchName":"Setkan halaman utama anda dalam Safari"},"sfri264b84ab":{"name":"force click","categories":["aside"]},"glosc8aef3dc":{"name":"Touch ID","categories":["aside"]},"ibrwe75c2a3c":{"name":"Ubah pilihan carian","searchName":"Ubah pilihan carian menggunakan Safari"},"sfrid73436cb":{"name":"Temui apa yang anda cari","searchName":"Temui apa yang anda cari dalam Safari"},"sfri40732":{"name":"Mencegah penjejakan","searchName":"Minta laman web tidak menjejaki anda dalam Safari"},"sfri11861":{"name":"Penyelesaian masalah"},"ibrw1005":{"name":"Pergi ke laman web","searchName":"Pergi ke laman web menggunakan Safari"},"sfria1042d31":{"name":"Keutamaan carian","searchName":"Keutamaan carian dalam Safari"},"ibrw74269f2c":{"name":"Smart Search field","categories":["aside"]},"ibrw1031":{"name":"Jika halaman web tidak teratur","searchName":"Jika halaman web tidak teratur dalam Safari"},"ibrwa005":{"name":"Keutamaan Isi Auto","searchName":"Keutamaan Isi Auto dalam Safari"}},"copyright_text":"Hak Cipta © 2017 Apple Inc. Hak cipta terpelihara."}