{"css":"","framework":"duck-10.2.11","title":"Safari 帮助","build_id":"596cf883094622bf5f551753","quick_links":[],"icon":"..\/SharedGlobalArt\/AppIconDefault_Safari.png","sections":{"ibrw8586170f":{"name":"隐私和安全性","children":["sfri11471","sfri40696","sfri47acf5d6","ibrw1069","sfri40697","sfri40732"]},"ibrwdcc86085":{"name":"浏览网页","children":["ibrw1005","sfrid73436cb","sfri40726","sfri22092","ibrw1039","sfri11576","ibrw0495694f","ibrw27291639","ibrwae910b47"]},"ibrwc2a4c26f":{"name":"自定 Safari","children":["ibrw1020","ibrw1012","ibrw933b3c1f","ibrwa008","ibrw1068","sfri32508","ibrw1015"]},"ibrwf52aedab":{"name":"阅读文章和共享的链接","children":["sfri35905","sfri32632","ibrw979a931f"]},"ibrw201dc86d":{"name":"下载、共享和存储内容","children":["sfri40598","sfri40722","sfri40785","ibrw1089","ibrw1060"]},"ibrw8eb4666f":{"name":"在网页上购物","children":["ibrw8e207504","ibrw1103"]}},"birdseed_version":5,"toc":["sfri35862","ibrwdcc86085","ibrw8eb4666f","ibrwf52aedab","ibrw201dc86d","ibrwc2a4c26f","ibrw8586170f","cpsh003","sfri11861"],"locale":"zh-cn","version":"10.0","source_schema":"apd-schema","enable_tracking":false,"platform":"mac","build_date":"2017.07.17-10:57:24","landing":"sfri35476","product":"safari","urls":{},"copyright":"","show_previous_next":false,"topics":{"sfri35862":{"name":"Safari 概览"},"ibrw1118":{"name":"如果 Safari 功能不可用或要求您输入密码"},"ibrwa008":{"name":"将 Safari 设置为默认网页浏览器"},"sfri40724":{"name":"“通知”偏好设置","searchName":"Safari 中的“通知”偏好设置"},"ibrw933b3c1f":{"name":"针对单个网站自定浏览"},"sfri35610":{"name":"“隐私”偏好设置","searchName":"Safari 中的“隐私”偏好设置"},"ibrw1060":{"name":"打印网页","searchName":"从 Safari 打印网页"},"ibrw27291639":{"name":"播放网络视频"},"ibrwae910b47":{"name":"使标签页中的音频静音","searchName":"静音 Safari 标签页中的音频"},"sfri35905":{"name":"保留阅读列表","searchName":"保留 Safari 中的阅读列表"},"sfri40599":{"name":"“密码”偏好设置","searchName":"Safari 中的“密码”偏好设置"},"ibrw1066":{"name":"关于证书和加密网站","searchName":"关于 Safari 中的证书和加密网站"},"sfri78488bc1":{"name":"administrator","categories":["aside"]},"ibrw1069":{"name":"使用“无痕浏览”窗口","searchName":"在 Safari 中使用“无痕浏览”窗口"},"ibrw1045":{"name":"“标签页”偏好设置","searchName":"Safari 中的“标签页”偏好设置"},"sfri4f24ca1c":{"name":"如果 Safari 显示 WebGL 安全性警告"},"ibrw1071":{"name":"如果 Safari 不能打开网站"},"ibrw1074":{"name":"“安全性”偏好设置","searchName":"Safari 中的“安全性”偏好设置"},"ibrw1113":{"name":"改进网页搜索","searchName":"使用 Safari 改进网页搜索"},"sfri32508":{"name":"使用 Safari 扩展"},"ibrw051607b8":{"name":"模拟 Apple 设备","searchName":"在 Safari 中模拟 Apple 设备"},"sfri40734":{"name":"管理网站通知","searchName":"使用 Safari 管理网站通知"},"ibrw1053":{"name":"设置代理服务器","searchName":"使用 Safari 设置代理服务器"},"ibrw1077":{"name":"如果 Safari 不能打开窗口"},"sfri40785":{"name":"将凭证添加到 Wallet","searchName":"使用 Safari 将凭证添加到 Wallet"},"sfri43593":{"name":"如果网站具有插件内容","searchName":"如果网站具有 Safari 插件内容"},"sfri40697":{"name":"识别加密网站并避免欺骗性网站","searchName":"使用 Safari 识别加密网站并避免欺骗性网站"},"ibrw1009":{"name":"重新访问网页","searchName":"使用 Safari 历史记录重新访问网页"},"ibrw1032":{"name":"如果网页上的功能不起作用","searchName":"如果网页上的功能在 Safari 中不起作用"},"ibrwa006":{"name":"如果 Safari 不能从网页下载某个项目"},"sfri563ecfdc":{"name":"Safari Suggestions","categories":["aside"]},"sfri4b415f9c":{"name":"如果网站具有 WebGL 图形","searchName":"如果网站在 Safari 中具有 WebGL 图形"},"ibrw53c401e7":{"name":"查看“常用站点”","searchName":"查看 Safari“常用站点”页面"},"sfri5bcd1b2e":{"name":"malware","categories":["aside"]},"sfri40598":{"name":"从网页下载项目","searchName":"使用 Safari 从网页下载项目"},"sfri40726":{"name":"查看在其他设备上打开的网页","searchName":"查看在其他设备上的 Safari 中打开的网页"},"ibrw1100":{"name":"如果自动填充不起作用","searchName":"如果 Safari 中的自动填充不起作用"},"glosbabd4062":{"name":"Touch Bar","categories":["aside"]},"ibrw0495694f":{"name":"固定经常访问的网站"},"ibrw1103":{"name":"使用自动填充","searchName":"在 Safari 中为信用卡、联系人和密码使用自动填充功能"},"ibrw1090":{"name":"查看 PDF 文件","searchName":"使用 Safari 查看 PDF 文件"},"sfri22092":{"name":"查看“个人收藏”","searchName":"查看 Safari“个人收藏”页面"},"sfri35476":{"name":"Safari 帮助","href":"sfri35476.html","categories":["landing"]},"sfri20879":{"name":"储存在电脑上的数据库","searchName":"使用 Safari 储存在电脑上的数据库"},"glosbdc8e694":{"name":"Apple ID","categories":["aside"]},"sfri35922":{"name":"如果 Safari 在显示网页时遇到错误"},"ibrw1072":{"name":"“通用”偏好设置","searchName":"Safari 中的“通用”偏好设置"},"sfri32632":{"name":"直观阅读文章","searchName":"使用 Safari“阅读器”直观阅读文章"},"sfri27594":{"name":"如果您需要移除插件","searchName":"如果您需要移除 Safari 插件"},"ibrw1075":{"name":"“高级”偏好设置","searchName":"Safari 中的“高级”偏好设置"},"ibrwa001":{"name":"为何阻止弹出式窗口？","searchName":"为何在 Safari 中阻止网页上的弹出式窗口？"},"ibrw1114":{"name":"搜索您的浏览历史记录","searchName":"使用 Safari 搜索您的网页浏览历史记录"},"sfri40696":{"name":"阻止弹出式窗口和不必要的内容","searchName":"在 Safari 中阻止弹出式窗口和不必要的内容"},"sfri40722":{"name":"共享网页或通过推文或帖子发布网页","searchName":"使用 Safari 共享网页，或通过推文或帖子发布网页"},"sfri20948":{"name":"使用 Safari 的“开发”菜单"},"ibrw1117":{"name":"如果 Safari 不能存储密码"},"ibrw1080":{"name":"选取用户可以查看的网站","searchName":"选取用户可以在 Safari 中查看的网站"},"ibrw8e207504":{"name":"用 Apple Pay 付款","searchName":"在 Safari 中使用 Apple Pay 购物"},"ibrw1033":{"name":"如果 Safari 不显示网页图像"},"ibrwa007":{"name":"离线时尝试使用 Safari","href":"ibrwa007.html","summary":"Mac 必须接入互联网才能使用 Safari 访问网页，除非您在线时已经将页面添加到“阅读列表”。"},"sfri35826":{"name":"将互联网帐户用于其他 macOS 应用"},"sfri32153":{"name":"“扩展”偏好设置","searchName":"Safari 中的“扩展”偏好设置"},"sfri11471":{"name":"管理 Cookie 和网站数据","searchName":"使用 Safari 管理 Cookie 和网站数据"},"ibrw1012":{"name":"自定 Safari 窗口"},"ibrw1036":{"name":"如果插件丢失","searchName":"如果 Safari 插件丢失"},"ibrw1039":{"name":"使用书签","searchName":"在 Safari 中使用书签"},"ibrw1015":{"name":"导入书签和历史记录","searchName":"从其他浏览器将书签和历史记录导入 Safari"},"sfri11576":{"name":"以标签页形式查看网页","searchName":"使用 Safari 以标签页形式查看网页"},"sfri21236":{"name":"如果打不开加密网页","searchName":"如果在 Safari 中打不开加密网页"},"ibrw1089":{"name":"存储网页","searchName":"使用 Safari 存储网页"},"sfri47acf5d6":{"name":"清除您的浏览历史记录","searchName":"清除您的 Safari 浏览历史记录"},"ibrw979a931f":{"name":"离线阅读文章"},"ibrw1018":{"name":"检查网页元素和活动","searchName":"使用 Safari 检查网页元素和活动"},"ibrw1041":{"name":"如果书签从“个人收藏”栏中丢失","searchName":"如果书签从 Safari“个人收藏”栏中丢失"},"ibrwe2159f50":{"name":"网站偏好设置","searchName":"Safari 中的“网站”偏好设置"},"sfri21978704":{"name":"cookies and website data","categories":["aside"]},"ibrw1068":{"name":"放大网页","searchName":"使用 Safari 放大网页"},"cpsh003":{"name":"键盘及其他快捷键"},"ibrw1020":{"name":"设定主页","searchName":"在 Safari 中设定主页"},"sfri264b84ab":{"name":"force click","categories":["aside"]},"glosc8aef3dc":{"name":"Touch ID","categories":["aside"]},"ibrwe75c2a3c":{"name":"更改搜索选项","searchName":"使用 Safari 更改搜索选项"},"sfrid73436cb":{"name":"找到您所查找的内容","searchName":"在 Safari 中找到您所查找的内容"},"sfri40732":{"name":"防止跟踪","searchName":"在 Safari 中让网站不跟踪您"},"sfri11861":{"name":"故障排除"},"ibrw1005":{"name":"前往网站","searchName":"使用 Safari 前往网站"},"sfria1042d31":{"name":"“搜索”偏好设置","searchName":"Safari 中的“搜索”偏好设置"},"ibrw74269f2c":{"name":"Smart Search field","categories":["aside"]},"ibrw1031":{"name":"如果网页出现乱码","searchName":"如果 Safari 中的网页出现乱码"},"ibrwa005":{"name":"“自动填充”偏好设置","searchName":"Safari 中的“自动填充”偏好设置"}},"copyright_text":"Copyright © 2017 Apple Inc. 保留一切权利。"}