{"css":"","framework":"duck-10.2.11","title":"Nápověda pro Safari","build_id":"596cf886680ce2b810b0ee51","quick_links":[],"icon":"..\/SharedGlobalArt\/AppIconDefault_Safari.png","sections":{"ibrw8586170f":{"name":"Soukromí a zabezpečení","children":["sfri11471","sfri40696","sfri47acf5d6","ibrw1069","sfri40697","sfri40732"]},"ibrwdcc86085":{"name":"Procházení webu","children":["ibrw1005","sfrid73436cb","sfri40726","sfri22092","ibrw1039","sfri11576","ibrw0495694f","ibrw27291639","ibrwae910b47"]},"ibrwc2a4c26f":{"name":"Přizpůsobení Safari","children":["ibrw1020","ibrw1012","ibrw933b3c1f","ibrwa008","ibrw1068","sfri32508","ibrw1015"]},"ibrwf52aedab":{"name":"Čtení článků a sdílených odkazů","children":["sfri35905","sfri32632","ibrw979a931f"]},"ibrw201dc86d":{"name":"Stahování, sdílení a ukládání obsahu","children":["sfri40598","sfri40722","sfri40785","ibrw1089","ibrw1060"]},"ibrw8eb4666f":{"name":"Nakupování na webu","children":["ibrw8e207504","ibrw1103"]}},"birdseed_version":5,"toc":["sfri35862","ibrwdcc86085","ibrw8eb4666f","ibrwf52aedab","ibrw201dc86d","ibrwc2a4c26f","ibrw8586170f","cpsh003","sfri11861"],"locale":"cs","version":"10.0","source_schema":"apd-schema","enable_tracking":false,"platform":"mac","build_date":"2017.07.17-11:00:58","landing":"sfri35476","product":"safari","urls":{},"copyright":"","show_previous_next":false,"topics":{"sfri35862":{"name":"Přehled Safari"},"ibrw1118":{"name":"Co dělat, když jsou některé funkce Safari nedostupné nebo se zobrazí výzva k zadání hesla"},"ibrwa008":{"name":"Nastavení Safari jako výchozího webového prohlížeče"},"sfri40724":{"name":"Předvolby Oznámení","searchName":"Předvolby oznámení v Safari"},"ibrw933b3c1f":{"name":"Přizpůsobení prohlížení pro jednotlivé webové servery"},"sfri35610":{"name":"Předvolby soukromí","searchName":"Předvolby soukromí v Safari"},"ibrw1060":{"name":"Tisk webových stránek","searchName":"Tisk webových stránek ze Safari"},"ibrw27291639":{"name":"Přehrávání videí na webu"},"ibrwae910b47":{"name":"Vypnutí zvuku na kartách","searchName":"Vypnutí zvuku na panelech v Safari"},"sfri35905":{"name":"Udržování seznamu četby","searchName":"Udržování seznamu četby v Safari"},"sfri40599":{"name":"Předvolby hesel","searchName":"Předvolby hesel v Safari"},"ibrw1066":{"name":"Informace o certifikátech a šifrovaných webových stránkách","searchName":"Informace o certifikátech a šifrovaných webových stránkách v Safari"},"sfri78488bc1":{"name":"administrator","categories":["aside"]},"ibrw1069":{"name":"Používání oken anonymního procházení","searchName":"Používání oken anonymního procházení v Safari"},"ibrw1045":{"name":"Předvolby panelů","searchName":"Předvolby panelů v Safari"},"sfri4f24ca1c":{"name":"Co dělat, pokud Safari zobrazí bezpečnostní upozornění na WebGL"},"ibrw1071":{"name":"Co dělat, když Safari nemůže otevřít webovou stránku"},"ibrw1074":{"name":"Předvolby zabezpečení","searchName":"Předvolby zabezpečení v Safari"},"ibrw1113":{"name":"Jak vylepšit vyhledávání na webu","searchName":"Jak vylepšit vyhledávání na webu v aplikaci Safari"},"sfri32508":{"name":"Použití rozšíření Safari"},"ibrw051607b8":{"name":"Simulace zařízení Apple","searchName":"Simulace zařízení Apple v Safari"},"sfri40734":{"name":"Spravování oznámení webových stránek","searchName":"Správa oznámení webových stránek v Safari"},"ibrw1053":{"name":"Nastavení proxy serveru","searchName":"Nastavení proxy serveru v aplikaci Safari"},"ibrw1077":{"name":"Pokud aplikace Safari nemůže otevřít okno"},"sfri40785":{"name":"Přidání lístků do Walletu","searchName":"Přidání lístků do Walletu v Safari"},"sfri43593":{"name":"Má-li webová stránka obsah vyžadující plug-in","searchName":"Má-li webová stránka obsah vyžadující plug-in pro Safari"},"sfri40697":{"name":"Identifikace šifrovaných webových stránek a ochrana před podvodnými stránkami","searchName":"Identifikace šifrovaných webových stránek a ochrana před podvodnými stránkami v Safari"},"ibrw1009":{"name":"Opakované návštěvy webových stránek","searchName":"Opakované návštěvy webových stránek prostřednictvím historie aplikace Safari"},"ibrw1032":{"name":"Pokud nefungují funkce na dané webové stránce","searchName":"Pokud v Safari nefungují funkce na dané webové stránce"},"ibrwa006":{"name":"Co dělat, když Safari nemůže stáhnout položku z webu"},"sfri563ecfdc":{"name":"Safari Suggestions","categories":["aside"]},"sfri4b415f9c":{"name":"Webová stránka s grafikou WebGL","searchName":"Webová stránka s grafikou WebGL v Safari"},"ibrw53c401e7":{"name":"Zobrazení Top stránek","searchName":"Zobrazení stránky „Top stránky“ v Safari"},"sfri5bcd1b2e":{"name":"malware","categories":["aside"]},"sfri40598":{"name":"Stahování položek z webu","searchName":"Stahování položek z webových stránek pomocí Safari"},"sfri40726":{"name":"Zobrazení webových stránek otevřených na jiných zařízeních","searchName":"Zobrazení webových stránek otevřených v prohlížeči Safari na jiných zařízeních"},"ibrw1100":{"name":"Co dělat, když nefunguje automatické vyplňování","searchName":"Co dělat, když v Safari nefunguje automatické vyplňování"},"glosbabd4062":{"name":"Touch Bar","categories":["aside"]},"ibrw0495694f":{"name":"Přišpendlení často navštěvovaných stránek"},"ibrw1103":{"name":"Použití automatického vyplňování","searchName":"Automatické vyplňování údajů o platebních kartách, kontaktů a hesel v Safari"},"ibrw1090":{"name":"Zobrazení PDF souborů","searchName":"Zobrazení PDF souborů v Safari"},"sfri22092":{"name":"Zobrazení oblíbených stránek","searchName":"Zobrazení stránky Oblíbené v Safari"},"sfri35476":{"name":"Nápověda pro Safari","href":"sfri35476.html","categories":["landing"]},"sfri20879":{"name":"Databáze uložené v počítači","searchName":"Databáze uložené v počítači pomocí Safari"},"glosbdc8e694":{"name":"Apple ID","categories":["aside"]},"sfri35922":{"name":"Co dělat, když v Safari dojde k chybě při zobrazování webové stránky"},"ibrw1072":{"name":"Obecné předvolby","searchName":"Obecné předvolby v Safari"},"sfri32632":{"name":"Čtení článků bez rušivých prvků","searchName":"Čtení článků bez rušivých prvků v Čtečce Safari"},"sfri27594":{"name":"Co dělat, když potřebujete odstranit modul plug-in","searchName":"Co dělat, když potřebujete odstranit modul plug-in v Safari"},"ibrw1075":{"name":"Předvolby Pokročilé","searchName":"Pokročilé předvolby v Safari"},"ibrwa001":{"name":"Proč blokovat vyskakovací okna?","searchName":"Proč na webových stránkách v Safari blokovat vyskakovací okna?"},"ibrw1114":{"name":"Hledání v historii prohlížení","searchName":"Hledání v historii prohlížení webu aplikace Safari"},"sfri40696":{"name":"Blokování vyskakovacích oken a nevyžádaného obsahu","searchName":"Blokování vyskakovacích oken a nevyžádaného obsahu v Safari"},"sfri40722":{"name":"Sdílení, tweetování a zveřejňování stránek","searchName":"Sdílení, tweetování a zveřejňování webových stránek v Safari"},"sfri20948":{"name":"Použití nabídky Vývojář v Safari"},"ibrw1117":{"name":"Co dělat, když Safari nemůže uložit heslo"},"ibrw1080":{"name":"Výběr webových stránek, které si mohou uživatelé prohlížet","searchName":"Výběr webových stránek, které si mohou uživatelé prohlížet v Safari"},"ibrw8e207504":{"name":"Placení s Apple Pay","searchName":"Nakupování s Apple Pay v Safari"},"ibrw1033":{"name":"Co dělat, když Safari nezobrazuje obrázky na webové stránce"},"ibrwa007":{"name":"Co se stane, pokusíte-li se použít Safari v době, kdy jste offline","href":"ibrwa007.html","summary":"Chcete‑li v Safari přejít na webovou stránku, musí být váš Mac připojen k internetu (pokud jste si požadovanou stránku nepřidali do Seznamu četby v době, kdy jste byli online)."},"sfri35826":{"name":"Použití internetového účtu v jiných aplikacích pro macOS"},"sfri32153":{"name":"Předvolby pro rozšíření","searchName":"Předvolby rozšíření v Safari"},"sfri11471":{"name":"Správa cookies a dat webových stránek","searchName":"Správa cookies a dat webových stránek v Safari"},"ibrw1012":{"name":"Přizpůsobení okna Safari"},"ibrw1036":{"name":"Co dělat, když chybí modul plug-in","searchName":"Co dělat, když v Safari chybí modul plug-in"},"ibrw1039":{"name":"Používání záložek","searchName":"Používání záložek v Safari"},"ibrw1015":{"name":"Import záložek a historie","searchName":"Import záložek a historie do Safari z jiných prohlížečů"},"sfri11576":{"name":"Zobrazení webových stránek na panelech","searchName":"Zobrazení webových stránek na panelech v Safari"},"sfri21236":{"name":"Co dělat, když se šifrovaná webová stránka neotvírá","searchName":"Co dělat, když se šifrovaná webová stránka v Safari neotvírá"},"ibrw1089":{"name":"Ukládání webových stránek","searchName":"Ukládání webových stránek pomocí Safari"},"sfri47acf5d6":{"name":"Vymazání historie prohlížení","searchName":"Vymazání historie prohlížení v Safari"},"ibrw979a931f":{"name":"Čtení článků offline"},"ibrw1018":{"name":"Zkoumání prvků a aktivity webové stránky","searchName":"Zkoumání prvků a aktivity webové stránky v Safari"},"ibrw1041":{"name":"Co dělat, když v řádku oblíbených položek chybí záložky","searchName":"Co dělat, když v řádku záložek aplikace Safari chybí řádek oblíbených položek"},"ibrwe2159f50":{"name":"Předvolby webových stránek","searchName":"Předvolby webových stránek v Safari"},"sfri21978704":{"name":"cookies and website data","categories":["aside"]},"ibrw1068":{"name":"Zvětšování na webových stránkách","searchName":"Zvětšení webové stránky v Safari"},"cpsh003":{"name":"Klávesové a další zkratky"},"ibrw1020":{"name":"Nastavení domovské stránky","searchName":"Nastavení domovské stránky v Safari"},"sfri264b84ab":{"name":"force click","categories":["aside"]},"glosc8aef3dc":{"name":"Touch ID","categories":["aside"]},"ibrwe75c2a3c":{"name":"Změna voleb hledání","searchName":"Změna voleb hledání pomocí Safari"},"sfrid73436cb":{"name":"Nalezení hledaných stránek","searchName":"Nalezení hledaných stránek v Safari"},"sfri40732":{"name":"Zabránění sledování","searchName":"Požádání webových stránek, aby vás v Safari nesledovaly"},"sfri11861":{"name":"Řešení potíží"},"ibrw1005":{"name":"Otvírání webových stránek","searchName":"Otvírání webových stránek v Safari"},"sfria1042d31":{"name":"Předvolby hledání","searchName":"Předvolby hledání v Safari"},"ibrw74269f2c":{"name":"Smart Search field","categories":["aside"]},"ibrw1031":{"name":"Co dělat, když se webová stránka nezobrazí správně","searchName":"Co dělat, když se webová stránka nezobrazí v Safari správně"},"ibrwa005":{"name":"Předvolby vyplňování","searchName":"Předvolby vyplňování v Safari"}},"copyright_text":"Copyright © 2017 Apple Inc. Všechna práva vyhrazena."}