{"css":"","framework":"duck-10.2.11","title":"Aiuto Safari","build_id":"596cf888680ce2c127b0ee16","quick_links":[],"icon":"..\/SharedGlobalArt\/AppIconDefault_Safari.png","sections":{"ibrw8586170f":{"name":"Privacy e sicurezza","children":["sfri11471","sfri40696","sfri47acf5d6","ibrw1069","sfri40697","sfri40732"]},"ibrwdcc86085":{"name":"Navigare sul web","children":["ibrw1005","sfrid73436cb","sfri40726","sfri22092","ibrw1039","sfri11576","ibrw0495694f","ibrw27291639","ibrwae910b47"]},"ibrwc2a4c26f":{"name":"Personalizzare Safari","children":["ibrw1020","ibrw1012","ibrw933b3c1f","ibrwa008","ibrw1068","sfri32508","ibrw1015"]},"ibrwf52aedab":{"name":"Leggere articoli e link condivisi","children":["sfri35905","sfri32632","ibrw979a931f"]},"ibrw201dc86d":{"name":"Scaricare, condividere e salvare contenuti","children":["sfri40598","sfri40722","sfri40785","ibrw1089","ibrw1060"]},"ibrw8eb4666f":{"name":"Fare acquisti sul web","children":["ibrw8e207504","ibrw1103"]}},"birdseed_version":5,"toc":["sfri35862","ibrwdcc86085","ibrw8eb4666f","ibrwf52aedab","ibrw201dc86d","ibrwc2a4c26f","ibrw8586170f","cpsh003","sfri11861"],"locale":"it","version":"10.0","source_schema":"apd-schema","enable_tracking":false,"platform":"mac","build_date":"2017.07.17-11:33:11","landing":"sfri35476","product":"safari","urls":{},"copyright":"","show_previous_next":false,"topics":{"sfri35862":{"name":"Panoramica su Safari"},"ibrw1118":{"name":"Se le funzionalità di Safari non sono disponibili o se viene richiesta una password"},"ibrwa008":{"name":"Impostare Safari come browser web predefinito"},"sfri40724":{"name":"Preferenze Notifiche","searchName":"Preferenze Notifiche in Safari"},"ibrw933b3c1f":{"name":"Personalizzare la navigazione sui singoli siti web"},"sfri35610":{"name":"Preferenze Privacy","searchName":"Preferenze Privacy in Safari"},"ibrw1060":{"name":"Stampare le pagine web","searchName":"Stampare pagine web da Safari"},"ibrw27291639":{"name":"Riprodurre video web"},"ibrwae910b47":{"name":"Disattivare l'audio nei pannelli","searchName":"Disattivare l'audio nei pannelli di Safari"},"sfri35905":{"name":"Mantenere un elenco lettura","searchName":"Mantenere un elenco lettura in Safari"},"sfri40599":{"name":"Preferenze Password","searchName":"Preferenze Password in Safari"},"ibrw1066":{"name":"Informazioni su certificati e siti web codificati","searchName":"Informazioni su certificati e siti web codificati in Safari"},"sfri78488bc1":{"name":"administrator","categories":["aside"]},"ibrw1069":{"name":"Utilizzare la navigazione privata","searchName":"Utilizzare la navigazione privata in Safari"},"ibrw1045":{"name":"Preferenze Pannelli","searchName":"Preferenze Pannelli in Safari"},"sfri4f24ca1c":{"name":"Se Safari mostra un avviso di sicurezza per WebGL"},"ibrw1071":{"name":"Se Safari non è in grado di aprire un sito web"},"ibrw1074":{"name":"Preferenze Sicurezza","searchName":"Preferenze Sicurezza in Safari"},"ibrw1113":{"name":"Migliorare le tue ricerche web","searchName":"Migliorare le tue ricerche web mediante Safari"},"sfri32508":{"name":"Utilizzare le estensioni di Safari"},"ibrw051607b8":{"name":"Simulare i dispositivi Apple","searchName":"Simulare i dispositivi Apple in Safari"},"sfri40734":{"name":"Gestire le notifiche del sito web","searchName":"Gestire le notifiche dei siti web utilizzando Safari"},"ibrw1053":{"name":"Configurare un server proxy","searchName":"Configurare un server proxy con Safari"},"ibrw1077":{"name":"Se Safari non può aprire una finestra"},"sfri40785":{"name":"Aggiungere biglietti a Wallet","searchName":"Aggiungere biglietti a Wallet utilizzando Safari"},"sfri43593":{"name":"Se un sito web dispone di contenuti legati a un plugin","searchName":"Se un sito web dispone di contenuti plugin Safari"},"sfri40697":{"name":"Identificare i siti web codificati e evitare le frodi","searchName":"Identificare i siti web codificati utilizzando Safari ed evitare le frodi"},"ibrw1009":{"name":"Rivisitare pagine web","searchName":"Rivisitare pagine web mediante la cronologia di Safari"},"ibrw1032":{"name":"Se le funzionalità in una pagina web non funzionano correttamente","searchName":"Se le funzionalità in una pagina web non funzionano correttamente in Safari"},"ibrwa006":{"name":"Se Safari non può scaricare un elemento dal web"},"sfri563ecfdc":{"name":"Safari Suggestions","categories":["aside"]},"sfri4b415f9c":{"name":"Se un sito web contiene grafiche WebGL","searchName":"Se un sito web contiene grafiche WebGL in Safari"},"ibrw53c401e7":{"name":"Visualizzare i tuoi siti frequenti","searchName":"Visualizzare la pagina “Siti frequenti” di Safari"},"sfri5bcd1b2e":{"name":"malware","categories":["aside"]},"sfri40598":{"name":"Scaricare elementi dal web","searchName":"Scaricare elementi dal web utilizzando Safari"},"sfri40726":{"name":"Visualizzare le pagine web aperte sugli altri dispositivi","searchName":"Visualizzare le pagine web aperte in Safari sugli altri dispositivi"},"ibrw1100":{"name":"Se il riempimento automatico non funziona","searchName":"Se il riempimento automatico in Safari non funziona"},"glosbabd4062":{"name":"Touch Bar","categories":["aside"]},"ibrw0495694f":{"name":"Ancorare i siti web visitati più spesso"},"ibrw1103":{"name":"Utilizzare il riempimento automatico","searchName":"Utilizzare “Riempimento automatico” per inserire informazioni su carte di credito, contatti e password in Safari"},"ibrw1090":{"name":"Visualizzare i file PDF","searchName":"Visualizzare file PDF con Safari"},"sfri22092":{"name":"Visualizzare i Preferiti","searchName":"Visualizzare la pagina Preferiti di Safari"},"sfri35476":{"name":"Aiuto Safari","href":"sfri35476.html","categories":["landing"]},"sfri20879":{"name":"Database archiviati sul computer","searchName":"Database archiviati sul computer utilizzando Safari"},"glosbdc8e694":{"name":"Apple ID","categories":["aside"]},"sfri35922":{"name":"Se Safari incontra un errore nella visualizzazione di una pagina web"},"ibrw1072":{"name":"Preferenze Generale","searchName":"Preferenze Generali in Safari"},"sfri32632":{"name":"Leggere articoli senza distrazioni","searchName":"Leggere articoli senza distrazioni con Reader di Safari"},"sfri27594":{"name":"Se hai bisogno di rimuovere un plugin","searchName":"Se hai bisogno di rimuovere un plugin di Safari"},"ibrw1075":{"name":"Preferenze Avanzate","searchName":"Preferenze Avanzate in Safari"},"ibrwa001":{"name":"Perché bloccare le finestre a comparsa?","searchName":"Perché bloccare le finestre a comparsa sulle pagine web in Safari?"},"ibrw1114":{"name":"Effettuare ricerche nella cronologia di navigazione","searchName":"Effettuare ricerche nella cronologia di navigazione web mediante Safari"},"sfri40696":{"name":"Bloccare i pop-up e il contenuto non necessario","searchName":"Bloccare i pop-up e il contenuto non necessario in Safari"},"sfri40722":{"name":"Condividere, twittare o pubblicare pagine web","searchName":"Condividere, twittare o pubblicare pagine web utilizzando Safari"},"sfri20948":{"name":"Aprire il menu Sviluppo di Safari"},"ibrw1117":{"name":"Se Safari non è in grado di salvare una password"},"ibrw1080":{"name":"Scegliere quali siti web possono essere visualizzati dagli utenti","searchName":"Scegliere quali siti web possono essere visualizzati dagli utenti in Safari"},"ibrw8e207504":{"name":"Acquistare con Apple Pay","searchName":"Acquistare con Apple Pay in Safari"},"ibrw1033":{"name":"Se Safari non visualizza le immagini di una pagina web"},"ibrwa007":{"name":"Se stai provando a utilizzare Safari mentre sei disconnesso","href":"ibrwa007.html","summary":"Per poter visitare una pagina web con Safari, il Mac deve essere connesso a Internet; questo non è necessario se hai aggiunto la pagina all'Elenco lettura quando eri connesso."},"sfri35826":{"name":"Utilizzare il tuo account Internet con altre app macOS"},"sfri32153":{"name":"Preferenze delle estensioni","searchName":"Preferenze Estensioni in Safari"},"sfri11471":{"name":"Gestire cookie e dati dei siti web","searchName":"Gestire cookie e dati dei siti web utilizzando Safari"},"ibrw1012":{"name":"Personalizzare la finestra di Safari"},"ibrw1036":{"name":"Se manca un plugin","searchName":"Se manca un plugin di Safari"},"ibrw1039":{"name":"Utilizzare i preferiti","searchName":"Utilizzare i segnalibri in Safari"},"ibrw1015":{"name":"Importare preferiti e cronologia","searchName":"Importare segnalibri e cronologia in Safari da altri browser"},"sfri11576":{"name":"Visualizzare pagine web in pannelli","searchName":"Visualizzare pagine web in pannelli con Safari"},"sfri21236":{"name":"Una pagina web codificata non si apre","searchName":"Una pagina web codificata non si apre in Safari"},"ibrw1089":{"name":"Salvare pagine web","searchName":"Salvare pagine web mediante Safari"},"sfri47acf5d6":{"name":"Cancellare la cronologia di navigazione","searchName":"Cancellare la cronologia di navigazione di Safari"},"ibrw979a931f":{"name":"Leggere gli articoli quando non sei in linea"},"ibrw1018":{"name":"Esaminare gli elementi della pagina web e l'attività","searchName":"Esaminare gli elementi della pagina web e l'attività utilizzando Safari"},"ibrw1041":{"name":"Se mancano dei preferiti dalla barra dei preferiti","searchName":"Se mancano dei segnalibri dalla barra dei preferiti di Safari"},"ibrwe2159f50":{"name":"Preferenze “Sito web”","searchName":"Preferenze “Sito web” in Safari"},"sfri21978704":{"name":"cookies and website data","categories":["aside"]},"ibrw1068":{"name":"Ingrandire le pagine web","searchName":"Ingrandire le pagine web utilizzando Safari"},"cpsh003":{"name":"Tastiera e altre abbreviazioni"},"ibrw1020":{"name":"Selezionare la pagina iniziale","searchName":"Impostare la pagina iniziale di Safari"},"sfri264b84ab":{"name":"force click","categories":["aside"]},"glosc8aef3dc":{"name":"Touch ID","categories":["aside"]},"ibrwe75c2a3c":{"name":"Modificare le opzioni di ricerca","searchName":"Modificare le opzioni di ricerca utilizzando Safari"},"sfrid73436cb":{"name":"Trovare ciò che cerchi","searchName":"Trovare ciò che cerchi in Safari"},"sfri40732":{"name":"Impedire il rilevamento","searchName":"Chiedi ai siti web di non tenere traccia delle attività in Safari"},"sfri11861":{"name":"Risoluzione dei problemi"},"ibrw1005":{"name":"Visitare siti Web","searchName":"Visitare siti web utilizzando Safari"},"sfria1042d31":{"name":"Preferenze Cerca","searchName":"Preferenze Cerca in Safari"},"ibrw74269f2c":{"name":"Smart Search field","categories":["aside"]},"ibrw1031":{"name":"Il testo di una pagina web non viene visualizzato correttamente","searchName":"Se il testo di una pagina web non viene visualizzato correttamente in Safari"},"ibrwa005":{"name":"Preferenze Riempimento automatico","searchName":"Preferenze Riempimento automatico in Safari"}},"copyright_text":"Copyright © 2017 Apple Inc. Tutti i diritti riservati."}