{"css":"","framework":"duck-10.2.10","title":"Bantuan Safari","build_id":"598cde99094622ec7a1898af","quick_links":[],"icon":"..\/SharedGlobalArt\/AppIconDefault_Safari.png","sections":{"ibrw8586170f":{"name":"Privasi dan keamanan","children":["sfri11471","sfri40696","sfri47acf5d6","ibrw1069","sfri40697","sfri40732"]},"ibrwdcc86085":{"name":"Menelusuri web","children":["ibrw1005","sfrid73436cb","sfri40726","sfri22092","ibrw1039","sfri11576","ibrw0495694f","ibrw27291639","ibrwae910b47"]},"ibrwc2a4c26f":{"name":"Menyesuaikan Safari","children":["ibrw1020","ibrw1012","ibrw933b3c1f","ibrwa008","ibrw1068","sfri32508","ibrw1015"]},"ibrwf52aedab":{"name":"Membaca artikel dan tautan bersama","children":["sfri35905","sfri32632","ibrw979a931f"]},"ibrw201dc86d":{"name":"Mengunduh, membagikan, dan menyimpan konten","children":["sfri40598","sfri40722","sfri40785","ibrw1089","ibrw1060"]},"ibrw8eb4666f":{"name":"Berbelanja di web","children":["ibrw8e207504","ibrw1103"]}},"birdseed_version":5,"toc":["sfri35862","ibrwdcc86085","ibrw8eb4666f","ibrwf52aedab","ibrw201dc86d","ibrwc2a4c26f","ibrw8586170f","cpsh003","sfri11861"],"locale":"id","version":"10.0","source_schema":"apd-schema","enable_tracking":false,"platform":"mac","build_date":"2017.08.10-15:39:07","landing":"sfri35476","product":"safari","urls":{},"copyright":"","show_previous_next":false,"topics":{"sfri35862":{"name":"Tinjauan Safari"},"ibrw1118":{"name":"Jika fitur Safari tidak tersedia atau Anda diminta kata sandi"},"ibrwa008":{"name":"Membuat Safari sebagai browser web default Anda"},"sfri40724":{"name":"Preferensi Pemberitahuan","searchName":"Preferensi pemberitahuan di Safari"},"ibrw933b3c1f":{"name":"Menyesuaikan penelusuran untuk situs web terpisah"},"sfri35610":{"name":"Preferensi Privasi","searchName":"Preferensi privasi di Safari"},"ibrw1060":{"name":"Mencetak halaman web","searchName":"Cetak halaman web dari Safari"},"ibrw27291639":{"name":"Memutar video web"},"ibrwae910b47":{"name":"Membisukan audio di tab","searchName":"Membisukan audio di tab Safari"},"sfri35905":{"name":"Menyimpan daftar bacaan","searchName":"Simpan daftar bacaan di Safari"},"sfri40599":{"name":"Preferensi Kata Sandi","searchName":"Preferensi kata sandi di Safari"},"ibrw1066":{"name":"Mengenai sertifikat dan situs web yang dienkripsi","searchName":"Mengenai sertifikat dan situs web yang dienkripsi di Safari"},"sfri78488bc1":{"name":"administrator","categories":["aside"]},"ibrw1069":{"name":"Menggunakan jendela Penelusuran Pribadi","searchName":"Menggunakan jendela Penelusuran Pribadi di Safari"},"ibrw1045":{"name":"Preferensi tab","searchName":"Preferensi tab di Safari"},"sfri4f24ca1c":{"name":"Jika Safari menampilkan peringatan keamanan WebGL"},"ibrw1071":{"name":"Jika Safari tidak dapat membuka situs web"},"ibrw1074":{"name":"Preferensi keamanan","searchName":"Preferensi keamanan di Safari"},"ibrw1113":{"name":"Meningkatkan pencarian web Anda","searchName":"Tingkatkan pencarian web Anda menggunakan Safari"},"sfri32508":{"name":"Menggunakan ekstensi Safari"},"ibrw051607b8":{"name":"Menyimulasikan perangkat Apple","searchName":"Menyimulasikan perangkat Apple di Safari"},"sfri40734":{"name":"Mengelola pemberitahuan situs web","searchName":"Kelola pemberitahuan situs web menggunakan Safari"},"ibrw1053":{"name":"Mengatur server proxy","searchName":"Atur server proksi dengan Safari"},"ibrw1077":{"name":"Jika Safari tidak dapat membuka jendela"},"sfri40785":{"name":"Menambahkan pass ke Wallet","searchName":"Menambahkan pass ke Wallet menggunakan Safari"},"sfri43593":{"name":"Jika situs web memiliki konten plug-in","searchName":"Jika situs web memiliki konten plug-in Safari"},"sfri40697":{"name":"Mengidentifikasi situs web yang dienkripsi dan menghindari penipuan","searchName":"Identifikasi situs web yang dienkripsi dan hindari penipuan dengan Safari"},"ibrw1009":{"name":"Mengunjungi ulang halaman web","searchName":"Kunjungi lagi halaman web menggunakan riwayat Safari"},"ibrw1032":{"name":"Jika fitur pada halaman web tidak berfungsi","searchName":"Jika fitur pada halaman web tidak berfungsi di Safari"},"ibrwa006":{"name":"Jika Safari tidak dapat mengunduh item dari web"},"sfri563ecfdc":{"name":"Safari Suggestions","categories":["aside"]},"sfri4b415f9c":{"name":"Jika situs web memiliki grafis WebGL","searchName":"Jika situs web memiliki grafis WebGL di Safari"},"ibrw53c401e7":{"name":"Melihat Situs Teratas Anda","searchName":"Melihat halaman Situs Teratas Safari"},"sfri5bcd1b2e":{"name":"malware","categories":["aside"]},"sfri40598":{"name":"Mengunduh item dari web","searchName":"Unduh item dari web menggunakan Safari"},"sfri40726":{"name":"Melihat halaman web yang dibuka di perangkat Anda lainnya","searchName":"Melihat halaman web yang dibuka di Safari di perangkat Anda lainnya"},"ibrw1100":{"name":"Jika Isi-Auto tidak berfungsi","searchName":"Jika Isi-Auto tidak berfungsi di Safari"},"glosbabd4062":{"name":"Touch Bar","categories":["aside"]},"ibrw0495694f":{"name":"Mengepin situs yang sering dikunjungi"},"ibrw1103":{"name":"Menggunakan Isi-Auto","searchName":"Menggunakan Isi-Auto untuk kartu kredit, kontak, dan kata sandi di Safari"},"ibrw1090":{"name":"Melihat file PDF","searchName":"Lihat file PDF dengan Safari"},"sfri22092":{"name":"Melihat Favorit","searchName":"Melihat halaman Favorit Safari"},"sfri35476":{"name":"Bantuan Safari","href":"sfri35476.html","categories":["landing"]},"sfri20879":{"name":"Database yang disimpan di komputer Anda","searchName":"Database yang disimpan di komputer Anda menggunakan Safari"},"glosbdc8e694":{"name":"Apple ID","categories":["aside"]},"sfri35922":{"name":"Jika Safari mengalami kesalahan saat menampilkan halaman web"},"ibrw1072":{"name":"Preferensi umum","searchName":"Preferensi umum di Safari"},"sfri32632":{"name":"Membaca tulisan artikel secara rapi","searchName":"Baca tulisan rapi artikel dengan Pembaca Safari"},"sfri27594":{"name":"Jika Anda perlu menghapus plug-in","searchName":"Jika Anda perlu menghapus plug-in Safari"},"ibrw1075":{"name":"Preferensi lanjutan","searchName":"Preferensi lanjutan di Safari"},"ibrwa001":{"name":"Mengapa memblokir jendela pop-up?","searchName":"Mengapa memblokir pop-up pada halaman web di Safari?"},"ibrw1114":{"name":"Mencari riwayat penelusuran Anda","searchName":"Cari riwayat penelusuran web Anda menggunakan Safari"},"sfri40696":{"name":"Memblokir pop-up dan konten yang tidak diperlukan","searchName":"Memblokir pop-up dan konten yang tidak diperlukan di Safari"},"sfri40722":{"name":"Berbagi, tweet, atau posting halaman web","searchName":"Berbagi, tweet, atau posting halaman web menggunakan Safari"},"sfri20948":{"name":"Menggunakan menu Develop Safari"},"ibrw1117":{"name":"Jika Safari tidak dapat menyimpan kata sandi"},"ibrw1080":{"name":"Memilih situs web mana yang dapat dilihat pengguna","searchName":"Memilih situs web mana yang dapat dilihat pengguna di Safari"},"ibrw8e207504":{"name":"Membayar dengan Apple Pay","searchName":"Berbelanja dengan Apple Pay di Safari"},"ibrw1033":{"name":"Jika Safari tidak menampilkan gambar halaman web"},"ibrwa007":{"name":"Jika Anda mencoba menggunakan Safari saat offline","href":"ibrwa007.html","summary":"Mac Anda harus terhubung ke Internet untuk membuka halaman web menggunakan Safari, kecuali Anda menambahkan halaman ke Daftar Bacaan Anda saat sedang online."},"sfri35826":{"name":"Menggunakan akun Internet Anda dengan app macOS lainnya"},"sfri32153":{"name":"Preferensi Ekstensi","searchName":"Preferensi ekstensi di Safari"},"sfri11471":{"name":"Mengelola cookie dan data situs web","searchName":"Mengelola cookie dan data situs web menggunakan Safari"},"ibrw1012":{"name":"Menyesuaikan jendela Safari"},"ibrw1036":{"name":"Jika plug-in hilang","searchName":"Jika plug-in Safari hilang"},"ibrw1039":{"name":"Menggunakan penanda","searchName":"Menggunakan penanda di Safari"},"ibrw1015":{"name":"Mengimpor penanda dan riwayat","searchName":"Mengimpor penanda dan riwayat ke Safari dari browser lainnya"},"sfri11576":{"name":"Melihat halaman web di tab","searchName":"Melihat halaman web di tab menggunakan Safari"},"sfri21236":{"name":"Jika halaman web yang dienkripsi tidak terbuka","searchName":"Jika halaman web yang dienkripsi tidak terbuka di Safari"},"ibrw1089":{"name":"Menyimpan halaman web","searchName":"Simpan halaman web menggunakan Safari"},"sfri47acf5d6":{"name":"Menghapus riwayat penelusuran Anda","searchName":"Hapus riwayat penelusuran Safari Anda"},"ibrw979a931f":{"name":"Membaca artikel secara offline"},"ibrw1018":{"name":"Memeriksa elemen halaman web dan aktivitas","searchName":"Periksa elemen halaman web dan aktivitas menggunakan Safari"},"ibrw1041":{"name":"Jika penanda hilang dari bar Favorit","searchName":"Jika penanda hilang dari bar Favorit Safari"},"ibrwe2159f50":{"name":"Preferensi situs web","searchName":"Preferensi situs web di Safari"},"sfri21978704":{"name":"cookies and website data","categories":["aside"]},"ibrw1068":{"name":"Memperbesar pada halaman web","searchName":"Perbesar pada halaman web menggunakan Safari"},"cpsh003":{"name":"Papan ketik dan pintasan lainnya"},"ibrw1020":{"name":"Mengatur halaman utama Anda","searchName":"Atur halaman utama di Safari"},"sfri264b84ab":{"name":"force click","categories":["aside"]},"glosc8aef3dc":{"name":"Touch ID","categories":["aside"]},"ibrwe75c2a3c":{"name":"Mengubah pilihan pencarian","searchName":"Ubah pilihan pencarian menggunakan Safari"},"sfrid73436cb":{"name":"Menemukan yang Anda cari","searchName":"Menemukan yang Anda cari di Safari"},"sfri40732":{"name":"Mencegah pelacakan","searchName":"Minta situs web untuk tidak melacak Anda di Safari"},"sfri11861":{"name":"Penyelesaian masalah"},"ibrw1005":{"name":"Mengunjungi situs web","searchName":"Membuka situs web menggunakan Safari"},"sfria1042d31":{"name":"Preferensi pencarian","searchName":"Preferensi pencarian di Safari"},"ibrw74269f2c":{"name":"Smart Search field","categories":["aside"]},"ibrw1031":{"name":"Jika halaman web kacau","searchName":"Jika halaman web kacau di Safari"},"ibrwa005":{"name":"Preferensi Isi-Auto","searchName":"Preferensi Isi-Auto di Safari"}},"copyright_text":"Hak Cipta © 2017 Apple Inc. Semua hak cipta dilindungi undang-undang."}