{"css":"","framework":"duck-10.2.11","title":"Справка Safari","build_id":"596cf884094622bf5f551759","quick_links":[],"icon":"..\/SharedGlobalArt\/AppIconDefault_Safari.png","sections":{"ibrw8586170f":{"name":"Конфиденциальность и безопасность","children":["sfri11471","sfri40696","sfri47acf5d6","ibrw1069","sfri40697","sfri40732"]},"ibrwdcc86085":{"name":"Просмотр веб-страниц","children":["ibrw1005","sfrid73436cb","sfri40726","sfri22092","ibrw1039","sfri11576","ibrw0495694f","ibrw27291639","ibrwae910b47"]},"ibrwc2a4c26f":{"name":"Индивидуальные настройки Safari","children":["ibrw1020","ibrw1012","ibrw933b3c1f","ibrwa008","ibrw1068","sfri32508","ibrw1015"]},"ibrwf52aedab":{"name":"Чтение статей и общих ссылок","children":["sfri35905","sfri32632","ibrw979a931f"]},"ibrw201dc86d":{"name":"Загрузка, экспорт и сохранение контента","children":["sfri40598","sfri40722","sfri40785","ibrw1089","ibrw1060"]},"ibrw8eb4666f":{"name":"Совершение покупок в Интернете","children":["ibrw8e207504","ibrw1103"]}},"birdseed_version":5,"toc":["sfri35862","ibrwdcc86085","ibrw8eb4666f","ibrwf52aedab","ibrw201dc86d","ibrwc2a4c26f","ibrw8586170f","cpsh003","sfri11861"],"locale":"ru","version":"10.0","source_schema":"apd-schema","enable_tracking":false,"platform":"mac","build_date":"2017.07.17-10:57:20","landing":"sfri35476","product":"safari","urls":{},"copyright":"","show_previous_next":false,"topics":{"sfri35862":{"name":"Общие сведения о программе Safari"},"ibrw1118":{"name":"Если функции Safari недоступны или программа запрашивает пароль"},"ibrwa008":{"name":"Как сделать Safari браузером по умолчанию"},"sfri40724":{"name":"Настройки уведомлений","searchName":"Настройки уведомлений в Safari"},"ibrw933b3c1f":{"name":"Настройка просмотра для отдельных веб-сайтов"},"sfri35610":{"name":"Настройки конфиденциальности","searchName":"Настройки конфиденциальности в Safari"},"ibrw1060":{"name":"Печать веб-страниц","searchName":"Печать веб-страниц в Safari"},"ibrw27291639":{"name":"Воспроизведение видео на веб-сайтах"},"ibrwae910b47":{"name":"Отключение звука на вкладках","searchName":"Отключение звука на вкладках Safari"},"sfri35905":{"name":"Список для чтения","searchName":"Список для чтения в Safari"},"sfri40599":{"name":"Настройки паролей","searchName":"Настройки паролей в Safari"},"ibrw1066":{"name":"О сертификатах и веб-сайтах с шифрованием","searchName":"О сертификатах и веб-сайтах с шифрованием в Safari"},"sfri78488bc1":{"name":"administrator","categories":["aside"]},"ibrw1069":{"name":"Использование окон частного доступа","searchName":"Использование окон частного доступа в Safari"},"ibrw1045":{"name":"Настройки вкладок","searchName":"Настройки вкладок в Safari"},"sfri4f24ca1c":{"name":"Если Safari выводит предупреждение о безопасности WebGL"},"ibrw1071":{"name":"Если Safari не удается открыть веб-сайт"},"ibrw1074":{"name":"Настройки безопасности","searchName":"Настройки безопасности в Safari"},"ibrw1113":{"name":"Улучшение поиска в Интернете","searchName":"Улучшение поиска в Интернете с помощью Safari"},"sfri32508":{"name":"Использование расширений Safari"},"ibrw051607b8":{"name":"Симуляция устройств Apple","searchName":"Симуляция устройств Apple в Safari"},"sfri40734":{"name":"Управление уведомлениями веб-сайтов","searchName":"Управление уведомлениями веб-сайтов с помощью Safari"},"ibrw1053":{"name":"Настройка прокси-сервера","searchName":"Настройка прокси-сервера с помощью Safari"},"ibrw1077":{"name":"Если Safari не удается открыть окно"},"sfri40785":{"name":"Добавление карт в Wallet","searchName":"Добавление карт в Wallet с использованием Safari"},"sfri43593":{"name":"Если на сайте есть плагины","searchName":"Если на сайте есть плагины Safari"},"sfri40697":{"name":"Определение веб-сайтов с шифрованием и предотвращение посещения подмененных веб-сайтов","searchName":"Определение веб-сайтов с шифрованием и предотвращение посещения подмененных веб-сайтов с помощью Safari"},"ibrw1009":{"name":"Повторный просмотр веб-страниц","searchName":"Повторный просмотр веб-страниц с помощью журнала истории Safari"},"ibrw1032":{"name":"Если не работают какие-либо функции веб-сайта","searchName":"Если не работают какие-либо функции на веб-странице в Safari"},"ibrwa006":{"name":"Если Safari не может загрузить объект из Интернета"},"sfri563ecfdc":{"name":"Safari Suggestions","categories":["aside"]},"sfri4b415f9c":{"name":"Если на сайте есть графика WebGL","searchName":"Если на сайте есть графика WebGL в Safari"},"ibrw53c401e7":{"name":"Просмотр страницы топ-сайтов","searchName":"Просмотр страницы «Top Sites» в Safari"},"sfri5bcd1b2e":{"name":"malware","categories":["aside"]},"sfri40598":{"name":"Загрузка объектов с веб-страниц","searchName":"Загрузка объектов из Интернета с помощью Safari"},"sfri40726":{"name":"Просмотр веб-страниц, открытых в Safari, на других устройствах","searchName":"Просмотр веб-страниц, открытых в Safari, на других устройствах"},"ibrw1100":{"name":"Если не работает функция автозаполнения","searchName":"Если в Safari не работает автозаполнение"},"glosbabd4062":{"name":"Touch Bar","categories":["aside"]},"ibrw0495694f":{"name":"Закрепление вкладок часто посещаемых веб-сайтов"},"ibrw1103":{"name":"Использование автозаполнения","searchName":"Использование автозаполнения для кредитных карт, контактов и паролей в Safari"},"ibrw1090":{"name":"Просмотр PDF-файлов","searchName":"Просмотр PDF-файлов с помощью Safari"},"sfri22092":{"name":"Просмотр списка «Избранное»","searchName":"Просмотр страницы «Избранное» в Safari"},"sfri35476":{"name":"Справка Safari","href":"sfri35476.html","categories":["landing"]},"sfri20879":{"name":"Информация о базах данных, сохраненных на Вашем компьютере","searchName":"Информация о базах данных, сохраненных Safari на Вашем компьютере"},"glosbdc8e694":{"name":"Apple ID","categories":["aside"]},"sfri35922":{"name":"Если Safari выдает ошибку при попытке открыть веб-страницу"},"ibrw1072":{"name":"Настройки в панели «Основные»","searchName":"Настройки в панели «Основные» программы Safari"},"sfri32632":{"name":"Чтение статей без помех","searchName":"Чтение статей без помех в Safari Reader"},"sfri27594":{"name":"Если необходимо удалить плагин","searchName":"Если необходимо удалить плагин Safari"},"ibrw1075":{"name":"Дополнительные настройки","searchName":"Дополнительные настройки в Safari"},"ibrwa001":{"name":"Зачем блокировать всплывающие окна?","searchName":"Зачем блокировать всплывающие окна на веб-страницах в Safari?"},"ibrw1114":{"name":"Поиск по журналу истории","searchName":"Поиск по журналу истории с помощью Safari"},"sfri40696":{"name":"Блокировка всплывающих окон и нежелательного содержимого","searchName":"Блокировка всплывающих окон и нежелательного содержимого в Safari"},"sfri40722":{"name":"Публикация веб-страниц в социальных сетях","searchName":"Отправка ссылок и публикация веб-страниц в социальных сетях с помощью Safari"},"sfri20948":{"name":"Использование меню «Разработка» в Safari"},"ibrw1117":{"name":"Если Safari не удается сохранить пароль"},"ibrw1080":{"name":"Выбор веб-сайтов, которые может просматривать пользователь","searchName":"Выбор веб-сайтов, которые пользователи могут просматривать в Safari"},"ibrw8e207504":{"name":"Оплата через Apple Pay","searchName":"Покупки через Apple Pay в Safari"},"ibrw1033":{"name":"Если Safari не показывает изображения на веб-страницах"},"ibrwa007":{"name":"Если Вы используете Safari в автономном режиме","href":"ibrwa007.html","summary":"Чтобы открыть веб-страницу в Safari, компьютер Mac должен быть подключен к Интернету либо страница должна быть заранее добавлена в Список для чтения."},"sfri35826":{"name":"Использование Вашей учетной записи Интернета в других программах macOS"},"sfri32153":{"name":"Настройки расширений","searchName":"Настройки расширений в Safari"},"sfri11471":{"name":"Управление файлами cookie и данными веб-сайтов","searchName":"Управление файлами cookie и данными веб-сайтов с помощью Safari"},"ibrw1012":{"name":"Индивидуальная настройка окна Safari"},"ibrw1036":{"name":"Если отсутствует плагин","searchName":"Если отсутствует плагин Safari"},"ibrw1039":{"name":"Использование закладок","searchName":"Использование закладок в Safari"},"ibrw1015":{"name":"Импорт закладок и истории","searchName":"Импорт закладок и истории в Safari из других браузеров"},"sfri11576":{"name":"Просмотр веб-страниц во вкладках","searchName":"Просмотр веб-страниц во вкладках с помощью Safari"},"sfri21236":{"name":"Если зашифрованная веб-страница не открывается","searchName":"Если зашифрованная веб-страница не открывается в Safari"},"ibrw1089":{"name":"Сохранение веб-страниц","searchName":"Сохранение веб-страниц с помощью Safari"},"sfri47acf5d6":{"name":"Очистка журнала истории","searchName":"Очистка журнала истории Safari"},"ibrw979a931f":{"name":"Чтение статей без интернет-подключения"},"ibrw1018":{"name":"Проверка объектов на веб-страницах и их активности","searchName":"Проверка объектов на веб-страницах и их активности с помощью Safari"},"ibrw1041":{"name":"Если необходимой закладки нет на панели «Избранное»","searchName":"Если необходимой закладки нет на панели «Избранное» в Safari"},"ibrwe2159f50":{"name":"Настройки для веб-сайтов","searchName":"Настройки веб-сайтов в Safari"},"sfri21978704":{"name":"cookies and website data","categories":["aside"]},"ibrw1068":{"name":"Масштабирование веб-страниц","searchName":"Масштабирование веб-страниц в Safari"},"cpsh003":{"name":"Сочетания клавиш и другие сокращения"},"ibrw1020":{"name":"Установка домашней страницы","searchName":"Установка домашней страницы в Safari"},"sfri264b84ab":{"name":"force click","categories":["aside"]},"glosc8aef3dc":{"name":"Touch ID","categories":["aside"]},"ibrwe75c2a3c":{"name":"Изменение настроек поиска","searchName":"Изменение настроек поиска в Safari"},"sfrid73436cb":{"name":"Поиск информации","searchName":"Поиск нужной Вам информации в Safari"},"sfri40732":{"name":"Запрет на отслеживание","searchName":"Как попросить веб-сайты не отслеживать Ваши действия в Safari"},"sfri11861":{"name":"Устранение неполадок"},"ibrw1005":{"name":"Переход к веб-сайтам","searchName":"Открытие веб-сайтов с помощью Safari"},"sfria1042d31":{"name":"Настройки поиска","searchName":"Настройки поиска в Safari"},"ibrw74269f2c":{"name":"Smart Search field","categories":["aside"]},"ibrw1031":{"name":"Если веб-страница искажена","searchName":"Если веб-страница в Safari искажена"},"ibrwa005":{"name":"Настройки автозаполнения","searchName":"Настройки автозаполнения в Safari"}},"copyright_text":"Copyright © 2017 Apple Inc. Все права защищены."}