{"css":"","framework":"duck-10.2.10","title":"Safari Help","build_id":"5952a9990946223d5883181d","quick_links":[],"icon":"..\/SharedGlobalArt\/AppIconDefault_Safari.png","sections":{"ibrw8586170f":{"name":"Privacy and security","children":["sfri11471","sfri40696","sfri47acf5d6","ibrw1069","sfri40697","sfri40732"]},"ibrwdcc86085":{"name":"Browse the web","children":["ibrw1005","sfrid73436cb","sfri40726","sfri22092","ibrw1039","sfri11576","ibrw0495694f","ibrw27291639","ibrwae910b47"]},"ibrwc2a4c26f":{"name":"Customize Safari","children":["ibrw1020","ibrw1012","ibrw933b3c1f","ibrwa008","ibrw1068","sfri32508","ibrw1015"]},"ibrwf52aedab":{"name":"Read articles and shared links","children":["sfri35905","sfri32632","ibrw979a931f"]},"ibrw201dc86d":{"name":"Download, share, and save content","children":["sfri40598","sfri40722","sfri40785","ibrw1089","ibrw1060"]},"ibrw8eb4666f":{"name":"Shop on the web","children":["ibrw8e207504","ibrw1103"]}},"birdseed_version":5,"toc":["sfri35862","ibrwdcc86085","ibrw8eb4666f","ibrwf52aedab","ibrw201dc86d","ibrwc2a4c26f","ibrw8586170f","cpsh003","sfri11861"],"locale":"en","version":"10.0","source_schema":"apd-schema","enable_tracking":false,"collect_feedback":true,"platform":"mac","build_date":"2017.06.27-12:46:03","landing":"sfri35476","product":"safari","urls":{},"copyright":"","show_previous_next":false,"topics":{"sfri35862":{"name":"Safari overview"},"ibrw1118":{"name":"If Safari features are unavailable or you’re asked for a password"},"ibrwa008":{"name":"Make Safari your default web browser"},"sfri40724":{"name":"Notifications preferences","searchName":"Notifications preferences in Safari"},"ibrw933b3c1f":{"name":"Customize browsing for individual websites"},"sfri35610":{"name":"Privacy preferences","searchName":"Privacy preferences in Safari"},"ibrw1060":{"name":"Print webpages","searchName":"Print webpages from Safari"},"ibrw27291639":{"name":"Play web videos"},"ibrwae910b47":{"name":"Mute audio in tabs","searchName":"Mute audio in Safari tabs"},"sfri35905":{"name":"Keep a reading list","searchName":"Keep a reading list in Safari"},"sfri40599":{"name":"Passwords preferences","searchName":"Passwords preferences in Safari"},"ibrw1066":{"name":"About certificates and encrypted websites","searchName":"About certificates and encrypted websites in Safari"},"sfri78488bc1":{"name":"administrator","categories":["aside"]},"ibrw1069":{"name":"Use Private Browsing windows","searchName":"Use Private Browsing windows in Safari"},"ibrw1045":{"name":"Tabs preferences","searchName":"Tabs preferences in Safari"},"sfri4f24ca1c":{"name":"If Safari displays a WebGL security alert"},"ibrw1071":{"name":"If Safari can’t open a website"},"ibrw1074":{"name":"Security preferences","searchName":"Security preferences in Safari"},"ibrw1113":{"name":"Improve your web searches","searchName":"Improve your web searches using Safari"},"sfri32508":{"name":"Use Safari extensions"},"ibrw051607b8":{"name":"Simulate Apple devices","searchName":"Simulate Apple devices in Safari"},"sfri40734":{"name":"Manage website notifications","searchName":"Manage website notifications using Safari"},"ibrw1053":{"name":"Set up a proxy server","searchName":"Set up a proxy server with Safari"},"ibrw1077":{"name":"If Safari can’t open a window"},"sfri40785":{"name":"Add passes to Wallet","searchName":"Add passes to Wallet using Safari"},"sfri43593":{"name":"If a website has plug-in content","searchName":"If a website has Safari plug-in content"},"sfri40697":{"name":"Identify encrypted websites and avoid fraud","searchName":"Identify encrypted websites and avoid fraud using Safari"},"ibrw1009":{"name":"Revisit webpages","searchName":"Revisit webpages using your Safari history"},"ibrw1032":{"name":"If features on a webpage don’t work","searchName":"If features on a webpage don’t work in Safari"},"ibrwa006":{"name":"If Safari can’t download an item from the web"},"sfri563ecfdc":{"name":"Safari Suggestions","categories":["aside"]},"sfri4b415f9c":{"name":"If a website has WebGL graphics","searchName":"If a website has WebGL graphics in Safari"},"ibrw53c401e7":{"name":"View your Top Sites","searchName":"View the Safari Top Sites page"},"sfri5bcd1b2e":{"name":"malware","categories":["aside"]},"sfri40598":{"name":"Download items from the web","searchName":"Download items from the web using Safari"},"sfri40726":{"name":"See the webpages open on your other devices","searchName":"See the webpages open in Safari on your other devices"},"ibrw1100":{"name":"If AutoFill doesn’t work","searchName":"If AutoFill doesn’t work in Safari"},"glosbabd4062":{"name":"Touch Bar","categories":["aside"]},"ibrw0495694f":{"name":"Pin frequently visited websites"},"ibrw1103":{"name":"Use AutoFill","searchName":"Use AutoFill for credit cards, contacts, and passwords in Safari"},"ibrw1090":{"name":"View PDF files","searchName":"View PDF files with Safari"},"sfri22092":{"name":"View Favorites","searchName":"View the Safari Favorites page"},"sfri35476":{"name":"Safari Help","href":"sfri35476.html","categories":["landing"]},"sfri20879":{"name":"Databases stored on your computer","searchName":"Databases stored on your computer using Safari"},"glosbdc8e694":{"name":"Apple ID","categories":["aside"]},"sfri35922":{"name":"If Safari experiences an error displaying a webpage"},"ibrw1072":{"name":"General preferences","searchName":"General preferences in Safari"},"sfri32632":{"name":"Read articles clutter-free","searchName":"Read articles clutter-free with Safari Reader"},"sfri27594":{"name":"If you need to remove a plug-in","searchName":"If you need to remove a Safari plug-in"},"ibrw1075":{"name":"Advanced preferences","searchName":"Advanced preferences in Safari"},"ibrwa001":{"name":"Why block pop-up windows?","searchName":"Why block pop-ups on webpages in Safari?"},"ibrw1114":{"name":"Search your browsing history","searchName":"Search your web browsing history using Safari"},"sfri40696":{"name":"Block pop-ups and unnecessary content","searchName":"Block pop-ups and unnecessary content in Safari"},"sfri40722":{"name":"Share, tweet, or post webpages","searchName":"Share, tweet, or post webpages using Safari"},"sfri20948":{"name":"Use the Safari Develop menu"},"ibrw1117":{"name":"If Safari can’t save a password"},"ibrw1080":{"name":"Choose which websites users can view","searchName":"Choose which websites users can view in Safari"},"ibrw8e207504":{"name":"Pay with Apple Pay","searchName":"Shop with Apple Pay in Safari"},"ibrw1033":{"name":"If Safari doesn’t display webpage images"},"ibrwa007":{"name":"If you’re trying to use Safari while offline","href":"ibrwa007.html","summary":"Your Mac must be connected to the Internet to go to a webpage using Safari, unless you added the page to your Reading List while you were online."},"sfri35826":{"name":"Use your Internet account with other macOS apps"},"sfri32153":{"name":"Extensions preferences","searchName":"Extensions preferences in Safari"},"sfri11471":{"name":"Manage cookies and website data","searchName":"Manage cookies and website data using Safari"},"ibrw1012":{"name":"Customize the Safari window"},"ibrw1036":{"name":"If a plug-in is missing","searchName":"If a Safari plug-in is missing"},"ibrw1039":{"name":"Use bookmarks","searchName":"Use bookmarks in Safari"},"ibrw1015":{"name":"Import bookmarks and history","searchName":"Import bookmarks and history to Safari from other browsers"},"sfri11576":{"name":"View webpages in tabs","searchName":"View webpages in tabs using Safari"},"sfri21236":{"name":"If an encrypted webpage doesn’t open","searchName":"If an encrypted webpage doesn’t open in Safari"},"ibrw1089":{"name":"Save webpages","searchName":"Save webpages using Safari"},"sfri47acf5d6":{"name":"Clear your browsing history","searchName":"Clear your Safari browsing history"},"ibrw979a931f":{"name":"Read articles offline"},"ibrw1018":{"name":"Examine webpage elements and activity","searchName":"Examine webpage elements and activity using Safari"},"ibrw1041":{"name":"If bookmarks are missing from the Favorites bar","searchName":"If bookmarks are missing from the Safari Favorites bar"},"ibrwe2159f50":{"name":"Website preferences","searchName":"Website preferences in Safari"},"sfri21978704":{"name":"cookies and website data","categories":["aside"]},"ibrw1068":{"name":"Zoom in on webpages","searchName":"Zoom in on webpages using Safari"},"cpsh003":{"name":"Keyboard and other shortcuts"},"ibrw1020":{"name":"Set your homepage","searchName":"Set your homepage in Safari"},"sfri264b84ab":{"name":"force click","categories":["aside"]},"glosc8aef3dc":{"name":"Touch ID","categories":["aside"]},"ibrwe75c2a3c":{"name":"Change search options","searchName":"Change search options using Safari"},"sfrid73436cb":{"name":"Find what you’re looking for","searchName":"Find what you’re looking for in Safari"},"sfri40732":{"name":"Prevent tracking","searchName":"Ask websites not to track you in Safari"},"sfri11861":{"name":"Troubleshooting"},"ibrw1005":{"name":"Go to websites","searchName":"Go to websites using Safari"},"sfria1042d31":{"name":"Search preferences","searchName":"Search preferences in Safari"},"ibrw74269f2c":{"name":"Smart Search field","categories":["aside"]},"ibrw1031":{"name":"If a webpage is garbled","searchName":"If a webpage is garbled in Safari"},"ibrwa005":{"name":"AutoFill preferences","searchName":"AutoFill preferences in Safari"}},"copyright_text":"Copyright © 2017 Apple Inc. All rights reserved."}