{"css":"","framework":"duck-10.2.11","title":"Safari-Hilfe","build_id":"596cf884680ce2b810b0ee39","quick_links":[],"icon":"..\/SharedGlobalArt\/AppIconDefault_Safari.png","sections":{"ibrw8586170f":{"name":"Datenschutz und Sicherheit","children":["sfri11471","sfri40696","sfri47acf5d6","ibrw1069","sfri40697","sfri40732"]},"ibrwdcc86085":{"name":"Surfen im Internet","children":["ibrw1005","sfrid73436cb","sfri40726","sfri22092","ibrw1039","sfri11576","ibrw0495694f","ibrw27291639","ibrwae910b47"]},"ibrwc2a4c26f":{"name":"Anpassen von Safari","children":["ibrw1020","ibrw1012","ibrw933b3c1f","ibrwa008","ibrw1068","sfri32508","ibrw1015"]},"ibrwf52aedab":{"name":"Lesen von Artikeln und geteilte Links","children":["sfri35905","sfri32632","ibrw979a931f"]},"ibrw201dc86d":{"name":"Laden, Teilen und Sichern von Inhalten","children":["sfri40598","sfri40722","sfri40785","ibrw1089","ibrw1060"]},"ibrw8eb4666f":{"name":"Einkaufen im Internet","children":["ibrw8e207504","ibrw1103"]}},"birdseed_version":5,"toc":["sfri35862","ibrwdcc86085","ibrw8eb4666f","ibrwf52aedab","ibrw201dc86d","ibrwc2a4c26f","ibrw8586170f","cpsh003","sfri11861"],"locale":"de","version":"10.0","source_schema":"apd-schema","enable_tracking":false,"platform":"mac","build_date":"2017.07.17-12:03:40","landing":"sfri35476","product":"safari","urls":{},"copyright":"","show_previous_next":false,"topics":{"sfri35862":{"name":"Safari – Übersicht"},"ibrw1118":{"name":"Fehlende Safari-Funktionen oder Aufforderung zur Eingabe eines Kennworts"},"ibrwa008":{"name":"Einrichten von Safari als Standard-Webbrowser"},"sfri40724":{"name":"Bereich „Erweiterungen“ der Einstellungen","searchName":"Bereich „Erweiterungen“ der Einstellungen in Safari"},"ibrw933b3c1f":{"name":"Anpassen des Surfens für einzelne Websites"},"sfri35610":{"name":"Bereich „Datenschutz“ der Einstellungen","searchName":"Bereich „Datenschutz“ der Einstellungen in Safari"},"ibrw1060":{"name":"Drucken von Webseiten","searchName":"Drucken von Webseiten von Safari aus"},"ibrw27291639":{"name":"Wiedergeben von Webvideos"},"ibrwae910b47":{"name":"Stummschalten von Audio","searchName":"Stummschalten von Audio in Safari-Tabs"},"sfri35905":{"name":"Anlegen einer Leseliste","searchName":"Behalten einer Leseliste in Safari"},"sfri40599":{"name":"Bereich „Passwörter“ der Einstellungen","searchName":"Bereich „Passwörter“ der Einstellungen in Safari"},"ibrw1066":{"name":"Zertifikate und verschlüsselte Websites","searchName":"Zertifikate und verschlüsselte Websites in Safari"},"sfri78488bc1":{"name":"administrator","categories":["aside"]},"ibrw1069":{"name":"Verwenden von Fenstern mit der Funktion „Privates Surfen“","searchName":"Verwenden von Fenstern mit der Funktion „Privates Surfen“ in Safari"},"ibrw1045":{"name":"Bereich „Tabs“ der Einstellungen","searchName":"Bereich „Tabs“ der Einstellungen in Safari"},"sfri4f24ca1c":{"name":"Anzeige eines Sicherheitshinweises für WebGL"},"ibrw1071":{"name":"Probleme beim Öffnen einer Website"},"ibrw1074":{"name":"Bereich „Sicherheit“ der Einstellungen","searchName":"Bereich „Sicherheit“ der Einstellungen in Safari"},"ibrw1113":{"name":"Verbessern Ihrer Suchen im Web","searchName":"Verbessern Ihrer Suchen im Web mit Safari"},"sfri32508":{"name":"Verwenden von Safari-Erweiterungen"},"ibrw051607b8":{"name":"Simulieren von Apple-Geräten","searchName":"Simulieren von Apple-Geräten in Safari"},"sfri40734":{"name":"Verwalten von Website-Mitteilungen","searchName":"Verwalten von Website-Mitteilungen mit Safari"},"ibrw1053":{"name":"Einrichten eines Proxy-Servers","searchName":"Einrichten eines Proxy-Servers mit Safari"},"ibrw1077":{"name":"Probleme beim Öffnen eines Fensters mit Safari"},"sfri40785":{"name":"Hinzufügen von Karten zu Wallet ","searchName":"Hinzufügen von Karten zu Wallet mit Safari"},"sfri43593":{"name":"Website mit Plug-In-Inhalt","searchName":"Website mit Plug-In-Inhalten für Safari"},"sfri40697":{"name":"Identifizieren von verschlüsselten Websites und Vermeiden von Missbrauch","searchName":"Identifizieren von verschlüsselten Websites und Vermeiden von Missbrauch in Safari"},"ibrw1009":{"name":"Zurückkehren zu Webseiten","searchName":"Zurückkehren zu Webseiten über den Safari-Verlauf"},"ibrw1032":{"name":"Probleme mit Funktionen auf einer Webseite","searchName":"Probleme mit Funktionen auf einer Webseite in Safari"},"ibrwa006":{"name":"Probleme beim Laden eines Objekts aus dem Web"},"sfri563ecfdc":{"name":"Safari Suggestions","categories":["aside"]},"sfri4b415f9c":{"name":"Website mit WebGL-Grafiken","searchName":"Website mit WebGL-Grafiken in Safari"},"ibrw53c401e7":{"name":"Anzeigen der Topsites-Seite","searchName":"Anzeigen der Safari-Topsites-Seite"},"sfri5bcd1b2e":{"name":"malware","categories":["aside"]},"sfri40598":{"name":"Laden von Objekten aus dem Internet","searchName":"Laden von Objekten aus dem Internet mit Safari"},"sfri40726":{"name":"Anzeigen von geöffneten Webseiten auf anderen Geräten","searchName":"Anzeigen von in Safari geöffneten Webseiten auf anderen Geräten"},"ibrw1100":{"name":"Probleme beim automatischen Ausfüllen","searchName":"Probleme beim automatischen Ausfüllen in Safari"},"glosbabd4062":{"name":"Touch Bar","categories":["aside"]},"ibrw0495694f":{"name":"Fixieren häufig besuchter Websites"},"ibrw1103":{"name":"Verwenden von „Automatisch Ausfüllen“","searchName":"Verwenden von „Automatisch ausfüllen“ für Kreditkarten, Kontakte und Passwörter in Safari"},"ibrw1090":{"name":"Anzeigen von PDF-Dateien","searchName":"Anzeigen von PDF-Dateien mit Safari"},"sfri22092":{"name":"Anzeigen von Favoriten","searchName":"Anzeigen von Safari-Favoritenseiten"},"sfri35476":{"name":"Safari-Hilfe","href":"sfri35476.html","categories":["landing"]},"sfri20879":{"name":"Auf Ihrem Computer gespeicherte Datenbanken","searchName":"Auf Ihrem Computer gesicherte Datenbanken mit Safari"},"glosbdc8e694":{"name":"Apple ID","categories":["aside"]},"sfri35922":{"name":"Fehler in Safari beim Anzeigen einer Webseite"},"ibrw1072":{"name":"Bereich „Allgemein“ der Einstellungen","searchName":"Bereich „Allgemein\" der Einstellungen in Safari"},"sfri32632":{"name":"Lesen von Artikeln ohne störende Inhalte","searchName":"Ungestörtes Lesen von Artikeln mit Safari-Reader"},"sfri27594":{"name":"Entfernen eines Plug-Ins","searchName":"Entfernen eines Safari-Plug-Ins"},"ibrw1075":{"name":"Bereich „Erweitert“","searchName":"Bereich „Erweitert“ der Einstellungen in Safari"},"ibrwa001":{"name":"Gründe für die Unterdrückung von Pop-Ups","searchName":"Gründe für die Unterdrückung von Pop-Ups auf Webseiten in Safari"},"ibrw1114":{"name":"Suchen im Verlauf der Webseiten","searchName":"Suchen im Verlauf der Webseiten mit Safari"},"sfri40696":{"name":"Blockieren von Pop-Ups und unnötigen Inhalten","searchName":"Blockieren von Pop-Ups und unnötigen Inhalten in Safari"},"sfri40722":{"name":"Teilen, Tweeten oder Posten von Webseiten","searchName":"Teilen, Tweeten oder Posten von Webseiten mit Safari"},"sfri20948":{"name":"Verwenden des Safari-Menüs „Entwickler“"},"ibrw1117":{"name":"Probleme beim Sichern eines Passworts mit Safari"},"ibrw1080":{"name":"Auswählen der für Benutzer zulässigen Websites","searchName":"Auswählen der für Benutzer zulässigen Websites in Safari"},"ibrw8e207504":{"name":"Bezahlen mit Apple Pay","searchName":"Einkaufen mit Apple Pay in Safari"},"ibrw1033":{"name":"Safari zeigt die Bilder auf Webseiten nicht an"},"ibrwa007":{"name":"Verwenden von Safari beim Offline-Arbeiten","href":"ibrwa007.html","summary":"Ihr Mac muss mit dem Internet verbunden sein, wenn Sie eine Webseite in Safari öffnen wollen. Es sei denn, Sie haben die Seite zu Ihrer Leseliste hinzugefügt, während Sie online waren."},"sfri35826":{"name":"Verwenden Ihres Internetaccounts mit anderen macOS-Apps"},"sfri32153":{"name":"Bereich „Erweiterungen“ der Einstellungen","searchName":"Bereich „Erweiterungen“ der Einstellungen in Safari"},"sfri11471":{"name":"Verwalten von Cookies und Websitedaten","searchName":"Verwalten von Cookies und Websitedaten mit Safari."},"ibrw1012":{"name":"Anpassen des Safari-Fensters"},"ibrw1036":{"name":"Fehlendes Plug-In","searchName":"Fehlendes Safari-Plug-In"},"ibrw1039":{"name":"Verwenden von Lesezeichen","searchName":"Verwenden von Lesezeichen in Safari"},"ibrw1015":{"name":"Lesezeichen und Verlauf importieren","searchName":"Importieren von Lesezeichen und dem Verlauf von anderen Browsern in Safari"},"sfri11576":{"name":"Anzeigen von Webseiten in Tabs","searchName":"Anzeigen von Webseiten in Tabs mit Safari"},"sfri21236":{"name":"Probleme beim Öffnen einer verschlüsselten Website","searchName":"Probleme beim Öffnen einer verschlüsselten Website in Safari"},"ibrw1089":{"name":"Sichern von Webseiten","searchName":"Sichern von Webseiten mit Safari"},"sfri47acf5d6":{"name":"Löschen des Verlaufs","searchName":"Löschen des Verlaufs von Safari"},"ibrw979a931f":{"name":"Offline Lesen von Artikeln"},"ibrw1018":{"name":"Überwachen von Elementen und Aktivitäten auf Webseiten","searchName":"Überwachen von Elementen und Aktivitäten auf Webseiten mit Safari"},"ibrw1041":{"name":"Fehlende Lesezeichen in der Favoritenleiste","searchName":"Fehlende Lesezeichen in der Favoritenleiste von Safari"},"ibrwe2159f50":{"name":"Website-Einstellungen","searchName":"Bereich „Website“ der Einstellungen in Safari"},"sfri21978704":{"name":"cookies and website data","categories":["aside"]},"ibrw1068":{"name":"Einzoomen auf Webseiten","searchName":"Einzoomen auf Webseiten mit Safari"},"cpsh003":{"name":"Tastenkombinationen und Kurzbefehle"},"ibrw1020":{"name":"Festlegen der Startseite","searchName":"Festlegen der Startseite in Safari"},"sfri264b84ab":{"name":"force click","categories":["aside"]},"glosc8aef3dc":{"name":"Touch ID","categories":["aside"]},"ibrwe75c2a3c":{"name":"Ändern der Suchoptionen","searchName":"Ändern der Suchoptionen mit Safari"},"sfrid73436cb":{"name":"Gezieltes Recherchieren","searchName":"Gezieltes Recherchieren in Safari"},"sfri40732":{"name":"Verhindern von Aufzeichnungen","searchName":"Websites von Safari aus dazu auffordern, Ihre Daten nicht aufzuzeichnen"},"sfri11861":{"name":"Fehlerbeseitigung"},"ibrw1005":{"name":"Öffnen von Websites ","searchName":"Öffnen von Websites in Safari"},"sfria1042d31":{"name":"Bereich „Suchen“ der Einstellungen","searchName":"Bereich „Suchen“ der Einstellungen in Safari"},"ibrw74269f2c":{"name":"Smart Search field","categories":["aside"]},"ibrw1031":{"name":"Eine Webseite ist unlesbar","searchName":"Eine Webseite in Safari ist unlesbar"},"ibrwa005":{"name":"Bereich „Automatisch Ausfüllen“ der Einstellungen","searchName":"Bereich „Automatisch Ausfüllen“ der Einstellungen in Safari"}},"copyright_text":"Copyright © 2017 Apple Inc. Alle Rechte vorbehalten."}