{"css":"","framework":"duck-10.2.11","title":"Pomocník pre Safari","build_id":"596cf886094622bf5f551771","quick_links":[],"icon":"..\/SharedGlobalArt\/AppIconDefault_Safari.png","sections":{"ibrw8586170f":{"name":"Ochrana súkromia a bezpečnosť","children":["sfri11471","sfri40696","sfri47acf5d6","ibrw1069","sfri40697","sfri40732"]},"ibrwdcc86085":{"name":"Prezeranie webu","children":["ibrw1005","sfrid73436cb","sfri40726","sfri22092","ibrw1039","sfri11576","ibrw0495694f","ibrw27291639","ibrwae910b47"]},"ibrwc2a4c26f":{"name":"Prispôsobenie Safari","children":["ibrw1020","ibrw1012","ibrw933b3c1f","ibrwa008","ibrw1068","sfri32508","ibrw1015"]},"ibrwf52aedab":{"name":"Čítanie článkov a zdieľaných odkazov","children":["sfri35905","sfri32632","ibrw979a931f"]},"ibrw201dc86d":{"name":"Sťahovanie, zdieľanie a ukladanie obsahu","children":["sfri40598","sfri40722","sfri40785","ibrw1089","ibrw1060"]},"ibrw8eb4666f":{"name":"Nakupovanie na webe","children":["ibrw8e207504","ibrw1103"]}},"birdseed_version":5,"toc":["sfri35862","ibrwdcc86085","ibrw8eb4666f","ibrwf52aedab","ibrw201dc86d","ibrwc2a4c26f","ibrw8586170f","cpsh003","sfri11861"],"locale":"sk","version":"10.0","source_schema":"apd-schema","enable_tracking":false,"platform":"mac","build_date":"2017.07.17-11:43:01","landing":"sfri35476","product":"safari","urls":{},"copyright":"","show_previous_next":false,"topics":{"sfri35862":{"name":"Prehľad Safari"},"ibrw1118":{"name":"Keď funkcie Safari nie sú dostupné alebo keď ste vyzvaní na zadanie hesla"},"ibrwa008":{"name":"Nastavenie Safari ako predvoleného webového prehliadača"},"sfri40724":{"name":"Nastavenia hlásení","searchName":"Nastavenia Hlásenia v Safari"},"ibrw933b3c1f":{"name":"Prispôsobenie prezerania individuálnym webovým stránkam"},"sfri35610":{"name":"Nastavenia Súkromie","searchName":"Nastavenia Súkromie v Safari"},"ibrw1060":{"name":"Tlač webových stránok","searchName":"Tlač webových stránok v Safari"},"ibrw27291639":{"name":"Prehranie webového videa"},"ibrwae910b47":{"name":"Stíšenie zvuku v taboch","searchName":"Stíšenie zvuku v taboch Safari"},"sfri35905":{"name":"Udržovanie zoznamu prečítaných stránok","searchName":"Udržovanie zoznamu prečítaných stránok v Safari"},"sfri40599":{"name":"Nastavenia Heslá","searchName":"Nastavenia Heslá v Safari"},"ibrw1066":{"name":"O certifikátoch a zašifrovaných webových stránkach","searchName":"O certifikátoch a zašifrovaných webových stránkach v Safari"},"sfri78488bc1":{"name":"administrator","categories":["aside"]},"ibrw1069":{"name":"Používanie okien súkromného prechádzania","searchName":"Používanie okien súkromného prechádzania v Safari"},"ibrw1045":{"name":"Nastavenia tabov","searchName":"Nastavenia Taby v Safari"},"sfri4f24ca1c":{"name":"Ak Safari zobrazuje bezpečnostné upozornenie WebGL"},"ibrw1071":{"name":"Ak Safari nedokáže otvoriť webovú stránku"},"ibrw1074":{"name":"Nastavenia bezpečnosti","searchName":"Nastavenia Bezpečnosť v Safari"},"ibrw1113":{"name":"Vylepšite vaše vyhľadávanie na webe","searchName":"Vylepšite vaše vyhľadávanie na webe pomocou Safari"},"sfri32508":{"name":"Používanie rozšírení Safari"},"ibrw051607b8":{"name":"Simulovanie zariadení Apple","searchName":"Simulovanie zariadení Apple v Safari"},"sfri40734":{"name":"Spravovanie hlásení webových stránok","searchName":"Spravovanie hlásení webových stránok pomocou Safari"},"ibrw1053":{"name":"Nastavenie proxy servera","searchName":"Nastavenie proxy servera v Safari"},"ibrw1077":{"name":"Ak Safari nedokáže otvoriť okno"},"sfri40785":{"name":"Pridanie lístkov do Walletu","searchName":"Pridanie lístkov do Walletu pomocou Safari"},"sfri43593":{"name":"Ak webová stránka obsahuje doplnky","searchName":"Ak webová stránka obsahuje moduly Safari"},"sfri40697":{"name":"Identifikácia zašifrovaných webových stránok a vyhýbanie sa podvodom","searchName":"Identifikácia zašifrovaných webových stránok a vyhýbanie sa podvodom pomocou Safari"},"ibrw1009":{"name":"Opätovné navštívenie webovej stránky","searchName":"Znovu navštívte webové stránky pomocou histórie Safari"},"ibrw1032":{"name":"Ak funkcie na webovej stránke nepracujú správne","searchName":"Ak funkcie na webovej stránke v Safari nepracujú správne"},"ibrwa006":{"name":"Ak Safari nedokáže stiahnuť položku z webu"},"sfri563ecfdc":{"name":"Safari Suggestions","categories":["aside"]},"sfri4b415f9c":{"name":"Ak webová stránka má grafiku WebGL","searchName":"Ak webová stránka má grafiku WebGL v Safari"},"ibrw53c401e7":{"name":"Zobrazte si svoje Top stránky","searchName":"Zobrazenie stránky Top Sites v Safari"},"sfri5bcd1b2e":{"name":"malware","categories":["aside"]},"sfri40598":{"name":"Sťahovanie položiek z webu","searchName":"Sťahovanie položiek z webu pomocou Safari"},"sfri40726":{"name":"Zobrazenie webových stránok otvorených v iných zariadeniach","searchName":"Zobrazenie webových stránok otvorených v Safari v iných zariadeniach"},"ibrw1100":{"name":"Ak funkcia AutoFill nefunguje","searchName":"Ak funkcia AutoFill v Safari nefunguje"},"glosbabd4062":{"name":"Touch Bar","categories":["aside"]},"ibrw0495694f":{"name":"Ukotvenie často navštevovaných webových stránok"},"ibrw1103":{"name":"Používanie funkcie AutoFill","searchName":"Použitie funkcie AutoFill na kreditné karty, kontakty a heslá v Safari"},"ibrw1090":{"name":"Prezeranie PDF súborov","searchName":"Prezeranie PDF súborov v Safari"},"sfri22092":{"name":"Zobrazenie Obľúbených","searchName":"Zobrazenie stránky Obľúbené v Safari"},"sfri35476":{"name":"Pomocník pre Safari","href":"sfri35476.html","categories":["landing"]},"sfri20879":{"name":"Databázy uložené vo vašom počítači","searchName":"Databázy uložené vo vašom počítači pomocou Safari"},"glosbdc8e694":{"name":"Apple ID","categories":["aside"]},"sfri35922":{"name":"Ak sa pri zobrazovaní webovej stránky v Safari vyskytuje chyba"},"ibrw1072":{"name":"Všeobecné nastavenia","searchName":"Nastavenia Všeobecné v Safari"},"sfri32632":{"name":"Prehľadné čítanie článkov","searchName":"Prehľadne si prečítajte články pomocou aplikácie Safari Reader"},"sfri27594":{"name":"Ak je potrebné odstrániť modul","searchName":"Ak je potrebné odstrániť modul Safari"},"ibrw1075":{"name":"Rozšírené nastavenia","searchName":"Rozšírené nastavenia v Safari"},"ibrwa001":{"name":"Prečo blokovať vyskakovacie okná?","searchName":"Prečo blokovať vyskakovacie okná v Safari?"},"ibrw1114":{"name":"Vyhľadávanie v histórii prezerania webových stránok","searchName":"Vyhľadávanie v histórii prezerania webových stránok pomocou Safari"},"sfri40696":{"name":"Blokovanie vyskakovacích okien a neželaného obsahu","searchName":"Blokovanie vyskakovacích okien a neželaného obsahu v Safari"},"sfri40722":{"name":"Zdieľanie, odosielanie tweetov alebo zverejňovanie webových stránok","searchName":"Zdieľanie, odosielanie tweetov alebo zverejňovanie webových stránok pomocou Safari"},"sfri20948":{"name":"Používanie menu Safari Vývojár"},"ibrw1117":{"name":"Ak Safari nedokáže uložiť heslo"},"ibrw1080":{"name":"Výber webových stránok, ktoré môžu užívatelia prezerať","searchName":"Výber webových stránok, ktoré môžu užívatelia prezerať v Safari"},"ibrw8e207504":{"name":"Zaplatiť cez Apple Pay","searchName":"Nakupovanie cez Apple Pay v Safari"},"ibrw1033":{"name":"Ak Safari nezobrazuje obrázky webových stránok"},"ibrwa007":{"name":"Ak sa pokúšate používate Safari offline","href":"ibrwa007.html","summary":"Ak chcete prejsť pomocou Safari na webovú stránku a nepridali ste túto stránku do zoznamu čítania, kým ste boli online, váš Mac musí byť pripojený na internet."},"sfri35826":{"name":"Používanie internetového účtu s ostatnými macOS aplikáciami"},"sfri32153":{"name":"Nastavenia rozšírení","searchName":"Nastavenia Rozšírenia v Safari"},"sfri11471":{"name":"Spravovanie cookies a dát webových stránok","searchName":"Spravovanie cookies a dát webových stránok pomocou Safari"},"ibrw1012":{"name":"Úprava okna Safari"},"ibrw1036":{"name":"Ak chýba doplnok","searchName":"Ak chýba modul Safari"},"ibrw1039":{"name":"Používanie záložiek","searchName":"Používanie záložiek v Safari"},"ibrw1015":{"name":"Importovanie záložiek a histórie","searchName":"Importovanie záložiek a histórie do Safari z iných prehliadačov"},"sfri11576":{"name":"Zobrazenie webových stránok v taboch","searchName":"Zobrazenie webových stránok v taboch pomocou Safari"},"sfri21236":{"name":"Ak sa zašifrovaná webová stránka neotvorila","searchName":"Ak sa zašifrovaná webová stránka neotvorila v Safari"},"ibrw1089":{"name":"Ukladanie webových stránok","searchName":"Ukladanie webových stránok pomocou Safari"},"sfri47acf5d6":{"name":"Vymazanie histórie prezerania webových stránok","searchName":"Vymazanie histórie prezerania webových stránok v Safari"},"ibrw979a931f":{"name":"Čítanie článkov offline"},"ibrw1018":{"name":"Preskúmanie prvkov a aktivity webových stránok","searchName":"Preskúmajte prvky a aktivitu webových stránok pomocou Safari"},"ibrw1041":{"name":"Ak v lište Obľúbené chýbajú záložky","searchName":"Ak v lište s obľúbenými položkami v Safari chýbajú záložky"},"ibrwe2159f50":{"name":"Nastavenia webovej stránky","searchName":"Nastavenia webovej stránky v Safari"},"sfri21978704":{"name":"cookies and website data","categories":["aside"]},"ibrw1068":{"name":"Zväčšovanie webových stránok","searchName":"Zväčšovanie webových stránok pomocou Safari"},"cpsh003":{"name":"Klávesové skratky a iné skratky"},"ibrw1020":{"name":"Nastavenie domovskej stránky","searchName":"Nastavenie domovskej stránky v Safari"},"sfri264b84ab":{"name":"force click","categories":["aside"]},"glosc8aef3dc":{"name":"Touch ID","categories":["aside"]},"ibrwe75c2a3c":{"name":"Zmena možností hľadania","searchName":"Zmeňte možnosti hľadania pomocou Safari"},"sfrid73436cb":{"name":"Vyhľadávanie","searchName":"Vyhľadávanie v Safari"},"sfri40732":{"name":"Zabránenie sledovania","searchName":"Zabránenie stránkam v sledovaní vašich aktivít v Safari"},"sfri11861":{"name":"Riešenie problémov"},"ibrw1005":{"name":"Otvorenie webových stránok","searchName":"Otvorenie webových stránok pomocou Safari"},"sfria1042d31":{"name":"Nastavenia Vyhľadať","searchName":"Nastavenia Vyhľadať v Safari"},"ibrw74269f2c":{"name":"Smart Search field","categories":["aside"]},"ibrw1031":{"name":"Ak je webová stránka nečitateľná","searchName":"Ak je webová stránka v Safari nečitateľná"},"ibrwa005":{"name":"Nastavenia funkcie AutoFill","searchName":"Nastavenia funkcie AutoFill v Safari"}},"copyright_text":"Copyright © 2017 Apple Inc. Všetky práva vyhradené."}