{"css":"","framework":"duck-10.2.11","title":"Safari 도움말","build_id":"596cf88409462262265512cb","quick_links":[],"icon":"..\/SharedGlobalArt\/AppIconDefault_Safari.png","sections":{"ibrw8586170f":{"name":"개인정보 및 보안","children":["sfri11471","sfri40696","sfri47acf5d6","ibrw1069","sfri40697","sfri40732"]},"ibrwdcc86085":{"name":"웹 탐색하기","children":["ibrw1005","sfrid73436cb","sfri40726","sfri22092","ibrw1039","sfri11576","ibrw0495694f","ibrw27291639","ibrwae910b47"]},"ibrwc2a4c26f":{"name":"Safari 사용자화하기","children":["ibrw1020","ibrw1012","ibrw933b3c1f","ibrwa008","ibrw1068","sfri32508","ibrw1015"]},"ibrwf52aedab":{"name":"기사 및 공유된 링크 읽기","children":["sfri35905","sfri32632","ibrw979a931f"]},"ibrw201dc86d":{"name":"콘텐츠 다운로드, 공유 및 저장하기","children":["sfri40598","sfri40722","sfri40785","ibrw1089","ibrw1060"]},"ibrw8eb4666f":{"name":"웹에서 쇼핑하기","children":["ibrw8e207504","ibrw1103"]}},"birdseed_version":5,"toc":["sfri35862","ibrwdcc86085","ibrw8eb4666f","ibrwf52aedab","ibrw201dc86d","ibrwc2a4c26f","ibrw8586170f","cpsh003","sfri11861"],"locale":"ko","version":"10.0","source_schema":"apd-schema","enable_tracking":false,"platform":"mac","build_date":"2017.07.17-10:58:47","landing":"sfri35476","product":"safari","urls":{},"copyright":"","show_previous_next":false,"topics":{"sfri35862":{"name":"Safari 개요"},"ibrw1118":{"name":"Safari 기능을 사용할 수 없거나 암호 입력을 요청 받았습니다"},"ibrwa008":{"name":"Safari를 기본 웹 브라우저로 만들기"},"sfri40724":{"name":"알림 환경설정","searchName":"Safari 알림 환경설정"},"ibrw933b3c1f":{"name":"개별 웹 사이트 탐색 사용자화하기"},"sfri35610":{"name":"개인 정보 보호 환경설정","searchName":"Safari 개인 정보 보호 환경설정"},"ibrw1060":{"name":"웹 페이지 프린트하기","searchName":"Safari에서 웹 페이지 프린트하기"},"ibrw27291639":{"name":"웹 비디오 재생하기"},"ibrwae910b47":{"name":"탭 오디오 소리 끔","searchName":"Safari 탭에서 오디오 소리 끄기:"},"sfri35905":{"name":"읽기 목록 보관하기","searchName":"Safari에 읽기 목록 보관하기"},"sfri40599":{"name":"암호 환경설정","searchName":"Safari 암호 환경설정"},"ibrw1066":{"name":"인증서 및 암호화된 웹 사이트에 관하여","searchName":"Safari의 인증서 및 암호화된 웹 사이트에 관하여"},"sfri78488bc1":{"name":"administrator","categories":["aside"]},"ibrw1069":{"name":"개인 정보 보호 브라우징 윈도우 사용하기","searchName":"Safari에서 개인 정보 보호 브라우징 윈도우 사용하기"},"ibrw1045":{"name":"탭 환경설정","searchName":"Safari 탭 환경설정"},"sfri4f24ca1c":{"name":"Safari가 WebGL 보안 경고를 표시합니다"},"ibrw1071":{"name":"Safari에서 웹 사이트를 열 수 없습니다"},"ibrw1074":{"name":"보안 환경설정","searchName":"Safari 보안 환경설정"},"ibrw1113":{"name":"웹 검색 향상시키기","searchName":"Safari를 사용하여 웹 검색 향상시키기"},"sfri32508":{"name":"Safari 확장 프로그램 사용하기"},"ibrw051607b8":{"name":"Apple 기기 시뮬레이션하기","searchName":"Safari에서 Apple 기기 시뮬레이션하기"},"sfri40734":{"name":"웹 사이트 알림 관리하기","searchName":"Safari를 사용하여 웹 사이트 알림을 관리합니다"},"ibrw1053":{"name":"프록시 서버 설정하기","searchName":"Safari에서 프록시 서버를 설정합니다"},"ibrw1077":{"name":"Safari에서 윈도우를 열 수 없습니다"},"sfri40785":{"name":"Wallet에 패스 추가하기","searchName":"Safari를 사용하여 Wallet에 패스 추가하기"},"sfri43593":{"name":"웹 사이트에 플러그인 콘텐츠가 있습니다","searchName":"웹 사이트에 Safari 플러그인 콘텐츠가 있습니다"},"sfri40697":{"name":"암호화된 웹 사이트 확인 및 위조 방지하기","searchName":"Safari를 사용하여 암호화된 웹 사이트 확인 및 위조 방지하기"},"ibrw1009":{"name":"웹 페이지 다시 방문하기","searchName":"Safari 방문 기록을 사용하여 웹 페이지 다시 방문하기"},"ibrw1032":{"name":"웹 페이지의 기능이 동작하지 않습니다","searchName":"Safari에서 웹 페이지의 기능이 동작하지 않습니다"},"ibrwa006":{"name":"Safari가 웹에서 항목을 다운로드할 수 없습니다"},"sfri563ecfdc":{"name":"Safari Suggestions","categories":["aside"]},"sfri4b415f9c":{"name":"웹 사이트에 WebGL 그래픽이 없습니다","searchName":"Safari에서 웹 사이트에 WebGL 그래픽이 없습니다"},"ibrw53c401e7":{"name":"자주 방문하는 사이트 보기","searchName":"Safari 자주 방문하는 사이트 페이지 보기"},"sfri5bcd1b2e":{"name":"malware","categories":["aside"]},"sfri40598":{"name":"웹에서 항목 다운로드하기","searchName":"Safari를 사용하여 웹에서 항목 다운로드하기"},"sfri40726":{"name":"다른 기기에서 열린 웹 페이지 보기","searchName":"다른 기기에서 Safari의 열린 웹 페이지 보기"},"ibrw1100":{"name":"자동 완성이 동작하지 않습니다","searchName":"Safari에서 자동 완성이 동작하지 않습니다"},"glosbabd4062":{"name":"Touch Bar","categories":["aside"]},"ibrw0495694f":{"name":"자주 방문한 웹 사이트에 핀 지정하기"},"ibrw1103":{"name":"자동 완성 사용하기","searchName":"Safari에서 신용 카드, 연락처 및 암호 자동 완성 사용하기"},"ibrw1090":{"name":"PDF 파일 보기","searchName":"Safari에서 PDF 파일 보기"},"sfri22092":{"name":"즐겨찾기 보기","searchName":"Safari 즐겨찾기 페이지 보기"},"sfri35476":{"name":"Safari 도움말","href":"sfri35476.html","categories":["landing"]},"sfri20879":{"name":"컴퓨터에 저장된 데이터베이스","searchName":"Safari를 사용하여 컴퓨터에 저장된 데이터베이스"},"glosbdc8e694":{"name":"Apple ID","categories":["aside"]},"sfri35922":{"name":"Safari에서 웹 페이지 표시에 오류가 있습니다."},"ibrw1072":{"name":"일반 환경설정","searchName":"Safari 일반 환경설정"},"sfri32632":{"name":"필요없는 내용 제거하고 기사 보기","searchName":"Safari 읽기 도구를 사용하여 필요없는 내용을 제거하고 기사 보기"},"sfri27594":{"name":"플러그인을 제거해야 합니다","searchName":"Safari 플러그인을 제거해야 합니다"},"ibrw1075":{"name":"고급 환경설정","searchName":"Safari 고급 환경설정"},"ibrwa001":{"name":"팝업 윈도우를 왜 차단하나요?","searchName":"Safari에서 웹 페이지의 팝업을 차단하는 이유"},"ibrw1114":{"name":"브라우저 방문 기록 검색하기","searchName":"Safari를 사용하여 웹 브라우저 방문 기록 검색하기"},"sfri40696":{"name":"팝업 및 불필요한 콘텐츠 차단하기","searchName":"Safari에서 팝업 및 불필요한 콘텐츠 차단하기"},"sfri40722":{"name":"웹 페이지를 공유하거나 트윗 또는 게시하기","searchName":"Safari를 사용하여 웹 페이지를 공유하거나 트윗 또는 게시합니다"},"sfri20948":{"name":"Safari 개발자용 메뉴 사용하기"},"ibrw1117":{"name":"Safari에서 암호를 저장할 수 없습니다"},"ibrw1080":{"name":"사용자들이 볼 수 있는 웹 사이트 선택하기","searchName":"Safari에서 사용자들이 볼 수 있는 웹 사이트 선택하기"},"ibrw8e207504":{"name":"Apple Pay로 결제하기","searchName":"Safari에서 Apple Pay로 쇼핑하기"},"ibrw1033":{"name":"Safari에서 웹 페이지 이미지가 표시되지 않습니다"},"ibrwa007":{"name":"오프라인에서 Safari를 사용하고 싶습니다","href":"ibrwa007.html","summary":"온라인에서 페이지를 읽기 목록에 추가하지 않은 경우 Safari에서 웹 페이지를 보려면 Mac이 반드시 인터넷에 연결되어 있어야 합니다."},"sfri35826":{"name":"다른 macOS 앱에서 인터넷 계정 사용하기"},"sfri32153":{"name":"확장 프로그램 환경설정","searchName":"Safari 확장 프로그램 환경설정"},"sfri11471":{"name":"쿠키 및 웹 사이트 데이터 관리하기","searchName":"Safari를 사용하여 쿠키 및 웹 사이트 관리하기"},"ibrw1012":{"name":"Safari 윈도우 사용자화하기"},"ibrw1036":{"name":"플러그인이 유실되었습니다","searchName":"Safari 플러그인이 유실되었습니다"},"ibrw1039":{"name":"책갈피 사용하기","searchName":"Safari의 책갈피 사용하기"},"ibrw1015":{"name":"책갈피 및 방문 기록 가져오기","searchName":"다른 브라우저에서 Safari로 책갈피와 방문 기록 가져오기"},"sfri11576":{"name":"탭에서 웹 페이지 보기","searchName":"Safari를 사용하여 탭에서 웹 페이지 보기"},"sfri21236":{"name":"암호화된 웹 페이지가 열리지 않습니다","searchName":"Safari에서 암호화된 웹 페이지가 열리지 않습니다"},"ibrw1089":{"name":"웹 페이지 저장하기","searchName":"Safari를 사용하여 웹 페이지를 저장합니다"},"sfri47acf5d6":{"name":"브라우저 방문 기록 지우기","searchName":"Safari 브라우저 방문 기록을 지웁니다"},"ibrw979a931f":{"name":"오프라인으로 문서 읽기"},"ibrw1018":{"name":"웹 페이지 요소 및 활동을 검토합니다","searchName":"Safari를 사용하여 웹 페이지 요소 및 활동을 검토합니다"},"ibrw1041":{"name":"책갈피가 즐겨찾기 막대에서 유실됩니다","searchName":"책갈피가 Safari 즐겨찾기 막대에서 유실됩니다"},"ibrwe2159f50":{"name":"웹 사이트 환경설정","searchName":"Safari 웹 사이트 환경설정"},"sfri21978704":{"name":"cookies and website data","categories":["aside"]},"ibrw1068":{"name":"웹 페이지에서 확대하기","searchName":"Safari를 사용하여 웹 페이지에서 확대하기"},"cpsh003":{"name":"키보드 및 기타 단축키"},"ibrw1020":{"name":"홈 페이지 설정하기","searchName":"Safari에서 홈 페이지 설정하기"},"sfri264b84ab":{"name":"force click","categories":["aside"]},"glosc8aef3dc":{"name":"Touch ID","categories":["aside"]},"ibrwe75c2a3c":{"name":"검색 옵션 변경하기","searchName":"Safari를 사용하여 검색 옵션을 변경합니다"},"sfrid73436cb":{"name":"찾고 있는 항목 찾기","searchName":"Safari에서 찾고 있는 항목 찾기"},"sfri40732":{"name":"추적 차단하기","searchName":"Safari에서 웹 사이트에 사용자를 추적하지 말도록 요청하기"},"sfri11861":{"name":"문제 해결"},"ibrw1005":{"name":"웹사이트로 이동하기","searchName":"Safari를 사용하여 웹 사이트로 이동합니다."},"sfria1042d31":{"name":"검색 환경설정","searchName":"Safari 검색 환경설정"},"ibrw74269f2c":{"name":"Smart Search field","categories":["aside"]},"ibrw1031":{"name":"웹 페이지의 텍스트가 깨져서 보입니다","searchName":"Safari에서 웹 페이지의 텍스트가 깨져서 보입니다"},"ibrwa005":{"name":"자동 완성 환경설정","searchName":"Safari 자동 완성 환경설정"}},"copyright_text":"Copyright © 2017 Apple Inc. 모든 권리 보유."}