{"css":"","framework":"duck-10.2.11","title":"Ayuda de Safari","build_id":"596cf886680ce2b810b0ee4b","quick_links":[],"icon":"..\/SharedGlobalArt\/AppIconDefault_Safari.png","sections":{"ibrw8586170f":{"name":"Privacidad y seguridad","children":["sfri11471","sfri40696","sfri47acf5d6","ibrw1069","sfri40697","sfri40732"]},"ibrwdcc86085":{"name":"Navegar en Internet","children":["ibrw1005","sfrid73436cb","sfri40726","sfri22092","ibrw1039","sfri11576","ibrw0495694f","ibrw27291639","ibrwae910b47"]},"ibrwc2a4c26f":{"name":"Personalizar Safari","children":["ibrw1020","ibrw1012","ibrw933b3c1f","ibrwa008","ibrw1068","sfri32508","ibrw1015"]},"ibrwf52aedab":{"name":"Leer artículos y enlaces compartidos","children":["sfri35905","sfri32632","ibrw979a931f"]},"ibrw201dc86d":{"name":"Descargar, compartir y guardar contenido","children":["sfri40598","sfri40722","sfri40785","ibrw1089","ibrw1060"]},"ibrw8eb4666f":{"name":"Comprar en Internet","children":["ibrw8e207504","ibrw1103"]}},"birdseed_version":5,"toc":["sfri35862","ibrwdcc86085","ibrw8eb4666f","ibrwf52aedab","ibrw201dc86d","ibrwc2a4c26f","ibrw8586170f","cpsh003","sfri11861"],"locale":"es-419","version":"10.0","source_schema":"apd-schema","enable_tracking":false,"platform":"mac","build_date":"2017.07.17-12:05:20","landing":"sfri35476","product":"safari","urls":{},"copyright":"","show_previous_next":false,"topics":{"sfri35862":{"name":"Información de Safari"},"ibrw1118":{"name":"Si las características de Safari no están disponibles o si se le pide una contraseña"},"ibrwa008":{"name":"Configurar Safari como el explorador web por omisión"},"sfri40724":{"name":"Panel de preferencias Notificaciones","searchName":"Panel de preferencias Notificaciones en Safari"},"ibrw933b3c1f":{"name":"Personalizar navegación de sitios web individuales"},"sfri35610":{"name":"Panel de preferencias Privacidad","searchName":"Panel de preferencias Privacidad en Safari"},"ibrw1060":{"name":"Imprimir páginas web","searchName":"Imprimir páginas web con Safari"},"ibrw27291639":{"name":"Reproducir un video web"},"ibrwae910b47":{"name":"Silenciar audio en pestañas","searchName":"Desactivar el audio en las pestañas de Safari"},"sfri35905":{"name":"Guardar una lista de lectura","searchName":"Guardar una lista de lectura en Safari"},"sfri40599":{"name":"Panel de preferencias Contraseñas","searchName":"Panel de preferencias Contraseñas en Safari"},"ibrw1066":{"name":"Acerca de los certificados y sitios web cifrados","searchName":"Acerca de los certificados y sitios web cifrados en Safari"},"sfri78488bc1":{"name":"administrator","categories":["aside"]},"ibrw1069":{"name":"Usar ventanas de “Navegación privada”","searchName":"Usar ventanas de \"Navegación privada” en Safari"},"ibrw1045":{"name":"Panel de preferencias Pestañas","searchName":"Panel de preferencias Pestañas en Safari"},"sfri4f24ca1c":{"name":"Si Safari muestra una alerta de seguridad de WebGL"},"ibrw1071":{"name":"Si Safari no puede abrir un sitio web"},"ibrw1074":{"name":"Panel de preferencias Seguridad","searchName":"Panel de preferencias Seguridad en Safari"},"ibrw1113":{"name":"Mejorar las búsquedas en Internet","searchName":"Mejorar las búsquedas en Internet con Safari"},"sfri32508":{"name":"Usar extensiones de Safari"},"ibrw051607b8":{"name":"Simular dispositivos Apple","searchName":"Simular dispositivos Apple en Safari"},"sfri40734":{"name":"Administrar las notificaciones de los sitios web","searchName":"Administrar las notificaciones de los sitios web con Safari"},"ibrw1053":{"name":"Configurar un servidor proxy","searchName":"Configurar un servidor proxy con Safari"},"ibrw1077":{"name":"Si Safari no puede abrir una ventana"},"sfri40785":{"name":"Agregar pases a Wallet","searchName":"Agregar pases a Wallet con Safari"},"sfri43593":{"name":"Si un sitio web tiene contenido de módulo","searchName":"Si un sitio web tiene contenido de módulo de Safari"},"sfri40697":{"name":"Identificar los sitios web cifrados y evitar fraudes","searchName":"Identificar los sitios web cifrados y evitar fraudes utilizando Safari"},"ibrw1009":{"name":"Volver a visitar una página web","searchName":"Volver a visitar una página web desde el historial de Safari"},"ibrw1032":{"name":"Si no funcionan las características de una página web","searchName":"Si no funcionan las características de una página web en Safari"},"ibrwa006":{"name":"Si Safari no puede descargar un elemento de Internet"},"sfri563ecfdc":{"name":"Safari Suggestions","categories":["aside"]},"sfri4b415f9c":{"name":"Si un sitio web tiene gráficas de WebGL en Safari","searchName":"Si un sitio web tiene gráficas de WebGL en Safari"},"ibrw53c401e7":{"name":"Ver los Destacados","searchName":"Ver la página Destacados de Safari"},"sfri5bcd1b2e":{"name":"malware","categories":["aside"]},"sfri40598":{"name":"Descargar elementos de la web","searchName":"Descargar elementos de la web con Safari"},"sfri40726":{"name":"Ver las páginas web abiertas en sus otros dispositivos","searchName":"Ver las páginas web abiertas en Safari en sus otros dispositivos"},"ibrw1100":{"name":"Si el Autorrelleno no funciona","searchName":"Si el Autorrelleno no funciona en Safari"},"glosbabd4062":{"name":"Touch Bar","categories":["aside"]},"ibrw0495694f":{"name":"Marcar sitios web frecuentes"},"ibrw1103":{"name":"Usar Autorrelleno","searchName":"Usar Autorrelleno para tarjetas de crédito, contactos, y contraseñas en Safari"},"ibrw1090":{"name":"Visualizar archivos PDF","searchName":"Visualizar archivos PDF con Safari"},"sfri22092":{"name":"Ver Favoritos","searchName":"Ver la página Favoritos de Safari"},"sfri35476":{"name":"Ayuda de Safari","href":"sfri35476.html","categories":["landing"]},"sfri20879":{"name":"Bases de datos guardadas en su computadora","searchName":"Bases de datos guardadas en la computadora usando Safari"},"glosbdc8e694":{"name":"Apple ID","categories":["aside"]},"sfri35922":{"name":"Si Safari experimenta un error al mostrar una página web"},"ibrw1072":{"name":"Panel de preferencias General","searchName":"Panel de preferencias General en Safari"},"sfri32632":{"name":"Leer artículos de forma organizada","searchName":"Leer artículos de forma organizada con el lector de Safari"},"sfri27594":{"name":"Si tiene que eliminar un módulo","searchName":"Si tiene que eliminar un módulo de Safari"},"ibrw1075":{"name":"Panel de preferencias Avanzado","searchName":"Panel de preferencias Avanzado en Safari"},"ibrwa001":{"name":"¿Por qué bloquear ventanas de aparición automática?","searchName":"¿Por qué bloquear ventanas de aparición automática en Safari?"},"ibrw1114":{"name":"Buscar en el historial de navegación","searchName":"Buscar en el historial de navegación web con Safari"},"sfri40696":{"name":"Bloquear ventanas de aparición automática y contenido innecesario","searchName":"Bloquear ventanas de aparición automática y contenido innecesario con Safari"},"sfri40722":{"name":"Compartir, publicar en Twitter o publicar páginas web","searchName":"Compartir, publicar en Twitter o publicar páginas web con Safari"},"sfri20948":{"name":"Utilizar el menú Desarrollo de Safari"},"ibrw1117":{"name":"Si Safari no puede guardar una contraseña"},"ibrw1080":{"name":"Seleccionar los sitios web que pueden visualizar los usuarios","searchName":"Seleccionar los sitios web que pueden visualizar los usuarios en Safari"},"ibrw8e207504":{"name":"Pagar con Apple Pay","searchName":"Comprar con Apple Pay en Safari"},"ibrw1033":{"name":"Si Safari no muestra imágenes de páginas web"},"ibrwa007":{"name":"Si intenta utilizar Safari mientras no está conectado","href":"ibrwa007.html","summary":"Para visitar una página web utilizando Safari, su Mac debe estar conectada a Internet; a menos que haya agregado esa página a su lista Lecturas mientras estaba conectado."},"sfri35826":{"name":"Usar su cuenta de Internet con otras apps de macOS"},"sfri32153":{"name":"Preferencias de Extensiones","searchName":"Panel de preferencias Extensiones en Safari"},"sfri11471":{"name":"Administrar cookies y datos de sitios web","searchName":"Administrar cookies y datos de sitios web con Safari"},"ibrw1012":{"name":"Personalizar ventana de Safari"},"ibrw1036":{"name":"Si le falta un módulo","searchName":"Si le falta un módulo de Safari"},"ibrw1039":{"name":"Usar favoritos","searchName":"Usar marcadores en Safari"},"ibrw1015":{"name":"Importar marcadores e historial","searchName":"Importar marcadores e historial a Safari desde otros navegadores"},"sfri11576":{"name":"Ver páginas web en pestañas","searchName":"Ver páginas web en pestañas con Safari"},"sfri21236":{"name":"Si no se puede abrir una página web cifrada en Safari","searchName":"Si no se puede abrir una página web cifrada en Safari"},"ibrw1089":{"name":"Guardar páginas web","searchName":"Guardar páginas web con Safari"},"sfri47acf5d6":{"name":"Borrar el historial de navegación","searchName":"Borrar el historial de navegación de Safari"},"ibrw979a931f":{"name":"Leer artículos sin conexión"},"ibrw1018":{"name":"Examinar los elementos y la actividad de una página web","searchName":"Examinar los elementos y la actividad de una página web utilizando Safari"},"ibrw1041":{"name":"Si faltan marcadores en la barra de favoritos","searchName":"Si faltan marcadores en la barra de favoritos de Safari"},"ibrwe2159f50":{"name":"Panel de preferencias “Sitio web”","searchName":"Panel de preferencias “Sitio web” en Safari"},"sfri21978704":{"name":"cookies and website data","categories":["aside"]},"ibrw1068":{"name":"Ampliar páginas web","searchName":"Acercar páginas web con Safari"},"cpsh003":{"name":"El teclado y otras funciones rápidas"},"ibrw1020":{"name":"Seleccionar la página de inicio","searchName":"Seleccionar la página de inicio de Safari"},"sfri264b84ab":{"name":"force click","categories":["aside"]},"glosc8aef3dc":{"name":"Touch ID","categories":["aside"]},"ibrwe75c2a3c":{"name":"Modificar las opciones de búsqueda","searchName":"Modificar las opciones de búsqueda usando Safari"},"sfrid73436cb":{"name":"Encuentre lo que busca","searchName":"Encuentre lo que busca en Safari"},"sfri40732":{"name":"Evitar seguimiento","searchName":"Pedir a los sitios web que no lo rastreen en Safari"},"sfri11861":{"name":"Solución de problemas"},"ibrw1005":{"name":"Ir a sitios web","searchName":"Ir a sitios web con Safari"},"sfria1042d31":{"name":"Panel de preferencias Búsqueda","searchName":"Panel de preferencias Búsqueda en Safari"},"ibrw74269f2c":{"name":"Smart Search field","categories":["aside"]},"ibrw1031":{"name":"Si una página web no se visualiza correctamente","searchName":"Si una página web no se visualiza correctamente en Safari"},"ibrwa005":{"name":"Panel de preferencias Autorelleno","searchName":"Panel de preferencias Autorelleno en Safari"}},"copyright_text":"Copyright © 2017 Apple Inc. Todos los derechos reservados."}