{"css":"","framework":"duck-10.2.11","title":"Safari Yardım","build_id":"596cf883680ce2c127b0edec","quick_links":[],"icon":"..\/SharedGlobalArt\/AppIconDefault_Safari.png","sections":{"ibrw8586170f":{"name":"Gizlilik ve güvenlik","children":["sfri11471","sfri40696","sfri47acf5d6","ibrw1069","sfri40697","sfri40732"]},"ibrwdcc86085":{"name":"Web’de dolaşma","children":["ibrw1005","sfrid73436cb","sfri40726","sfri22092","ibrw1039","sfri11576","ibrw0495694f","ibrw27291639","ibrwae910b47"]},"ibrwc2a4c26f":{"name":"Safari’yi özelleştirme","children":["ibrw1020","ibrw1012","ibrw933b3c1f","ibrwa008","ibrw1068","sfri32508","ibrw1015"]},"ibrwf52aedab":{"name":"Makaleleri ve paylaşılan bağlantıları okuma","children":["sfri35905","sfri32632","ibrw979a931f"]},"ibrw201dc86d":{"name":"İçerikleri indirme, paylaşma ve kaydetme","children":["sfri40598","sfri40722","sfri40785","ibrw1089","ibrw1060"]},"ibrw8eb4666f":{"name":"Web'den alışveriş","children":["ibrw8e207504","ibrw1103"]}},"birdseed_version":5,"toc":["sfri35862","ibrwdcc86085","ibrw8eb4666f","ibrwf52aedab","ibrw201dc86d","ibrwc2a4c26f","ibrw8586170f","cpsh003","sfri11861"],"locale":"tr","version":"10.0","source_schema":"apd-schema","enable_tracking":false,"platform":"mac","build_date":"2017.07.17-10:55:45","landing":"sfri35476","product":"safari","urls":{},"copyright":"","show_previous_next":false,"topics":{"sfri35862":{"name":"Safari hakkında genel bilgi"},"ibrw1118":{"name":"Safari özellikleri kullanılabilir değilse veya sizden bir parola isteniyorsa"},"ibrwa008":{"name":"Safari’yi saptanmış web tarayıcınız yapma"},"sfri40724":{"name":"Bildirimler tercihleri","searchName":"Safari’de Bildirimler tercihleri"},"ibrw933b3c1f":{"name":"Tek tek web sitelerinde dolaşmayı özelleştirme"},"sfri35610":{"name":"Gizlilik tercihleri","searchName":"Safari’de Gizlilik tercihleri"},"ibrw1060":{"name":"Web sayfalarını yazdırma","searchName":"Safari’de web sayfalarını yazdırma"},"ibrw27291639":{"name":"Web videolarını oynatma"},"ibrwae910b47":{"name":"Sekmelerde sesi kapatma","searchName":"Safari sekmelerinde sesi kapatma"},"sfri35905":{"name":"Okuma listesi tutma","searchName":"Safari’de okuma listesi tutma"},"sfri40599":{"name":"Parolalar tercihleri","searchName":"Safari’de Parolalar tercihleri"},"ibrw1066":{"name":"Sertifikalar ve şifreli web siteleri hakkında","searchName":"Safari'de sertifikalar ve şifreli web siteleri hakkında"},"sfri78488bc1":{"name":"administrator","categories":["aside"]},"ibrw1069":{"name":"Özel Dolaşma pencerelerini kullanma","searchName":"Safari’de Özel Dolaşma pencerelerini kullanma"},"ibrw1045":{"name":"Sekme tercihleri","searchName":"Safari’de Sekme tercihleri"},"sfri4f24ca1c":{"name":"Safari bir WebGL güvenlik uyarısı görüntülüyorsa"},"ibrw1071":{"name":"Safari bir web sitesini açamıyorsa"},"ibrw1074":{"name":"Güvenlik tercihleri","searchName":"Safari’de Güvenlik tercihleri"},"ibrw1113":{"name":"Web aramalarınızı geliştirme","searchName":"Safari’yi kullanarak web aramalarınızı geliştirme"},"sfri32508":{"name":"Safari genişletmelerini kullanma"},"ibrw051607b8":{"name":"Apple aygıtlarına benzetme","searchName":"Safari’de Apple aygıtlarına benzet"},"sfri40734":{"name":"Web sitesi bildirimlerini yönetme","searchName":"Safari kullanarak web sitesi bildirimlerini yönetme"},"ibrw1053":{"name":"Proxy sunucu ayarlama","searchName":"Safari ile bir proxy sunucu ayarlama"},"ibrw1077":{"name":"Safari bir pencereyi açamıyorsa"},"sfri40785":{"name":"Wallet’a kart ekleme","searchName":"Safari kullanarak Wallet’a kart ekleme"},"sfri43593":{"name":"Bir web sayfasında yazılım eki içeriği varsa","searchName":"Bir web sayfasında Safari yazılım eki içeriği varsa"},"sfri40697":{"name":"Şifreli web sitelerini belirleme ve dolandırıcılığı önleme","searchName":"Safari kullanarak şifreli web sitelerini belirleme ve dolandırıcılığı önleme"},"ibrw1009":{"name":"Web sayfalarını yeniden ziyaret etme","searchName":"Safari tarihçenizi kullanarak web sayfalarını yeniden ziyaret etme"},"ibrw1032":{"name":"Bir web sayfasındaki özellikler çalışmıyorsa","searchName":"Bir web sayfasındaki özellikler Safari’de çalışmıyorsa"},"ibrwa006":{"name":"Safari, web’deki bir öğeyi indiremiyorsa"},"sfri563ecfdc":{"name":"Safari Suggestions","categories":["aside"]},"sfri4b415f9c":{"name":"Bir web sitesi WebGL grafikleri içeriyorsa","searchName":"Bir web sitesi Safari’de WebGL grafikleri içeriyorsa"},"ibrw53c401e7":{"name":"Popüler Siteler’inizi görüntüleme","searchName":"Safari Popüler Siteler sayfasını görüntüleme"},"sfri5bcd1b2e":{"name":"malware","categories":["aside"]},"sfri40598":{"name":"Web’deki öğeleri indirme","searchName":"Safari’yi kullanarak web'den öğeler indirme"},"sfri40726":{"name":"Diğer aygıtlarınızda açık olan web sayfalarını görme","searchName":"Safari'de açık olan web sayfalarını diğer aygıtlarınızda görme"},"ibrw1100":{"name":"Otomatik Doldur özelliği çalışmıyorsa","searchName":"Safari’de Otomatik Doldur özelliği çalışmıyorsa"},"glosbabd4062":{"name":"Touch Bar","categories":["aside"]},"ibrw0495694f":{"name":"Sık ziyaret edilen siteleri sabitleme"},"ibrw1103":{"name":"Otomatik Doldurmayı kullanma","searchName":"Safari’de kredi kartları, iletişim bilgileri ve parolalar için Otomatik Doldurma özelliğini kullanma"},"ibrw1090":{"name":"PDF dosyaları görüntüleme","searchName":"Safari ile PDF dosyalarını görüntüleme"},"sfri22092":{"name":"Favorileri Görüntüleme","searchName":"Safari Favoriler sayfasını görüntüleme"},"sfri35476":{"name":"Safari Yardım","href":"sfri35476.html","categories":["landing"]},"sfri20879":{"name":"Bilgisayarınızda saklanan veri tabanları","searchName":"Safari'yi kullanarak bilgisayarınızda saklanan veri tabanları"},"glosbdc8e694":{"name":"Apple ID","categories":["aside"]},"sfri35922":{"name":"Safari bir web sitesini görüntülerken hata ile karşılaşırsa"},"ibrw1072":{"name":"Genel tercihler","searchName":"Safari’de genel tercihler"},"sfri32632":{"name":"Makaleleri karışıklık olmadan okuma","searchName":"Safari Okuyucu ile makaleleri karışıklık olmadan okuma"},"sfri27594":{"name":"Bir yazılım ekini silmeniz gerekirse","searchName":"Bir Safari yazılım ekini silmeniz gerekirse"},"ibrw1075":{"name":"İleri Düzey tercihler","searchName":"Safari’de ileri düzey tercihler"},"ibrwa001":{"name":"Kendiliğinden açılan pencereleri niçin engelleyelim?","searchName":"Safari’de kendiliğinden açılan pencereleri niçin engelleyelim?"},"ibrw1114":{"name":"Web’de dolaşma tarihçenizde arama yapma","searchName":"Safari’yi kullanarak web’de dolaşma tarihçenizde arama yapma"},"sfri40696":{"name":"Açılır menüleri ve gereksiz içerikleri engelleme","searchName":"Safari'de kendiliğinden açılan pencereleri ve gereksiz içerikleri engelleme"},"sfri40722":{"name":"Web sayfalarını paylaşma, Tweet ile gönderme veya yayımlama","searchName":"Safari kullanarak web sayfalarını paylaşma, Tweet ile gönderme veya yayımlama"},"sfri20948":{"name":"Safari Geliştirme menüsünü kullanma"},"ibrw1117":{"name":"Safari bir parolayı kaydedemiyorsa"},"ibrw1080":{"name":"Kullanıcıların hangi web sitelerini görüntüleyebileceğini seçme","searchName":"Safari'de kullanıcıların hangi web sitelerini görüntüleyebileceğini seçme"},"ibrw8e207504":{"name":"Apple Pay ile Ödeme Yapma","searchName":"Safari'de Apple Pay ile alış veriş yapma"},"ibrw1033":{"name":"Safari, web sayfası resimlerini görüntülemiyorsa"},"ibrwa007":{"name":"Safari’yi çevrimdışıyken kullanmaya çalışıyorsanız","href":"ibrwa007.html","summary":"Sayfayı çevrimiçiyken Okuma Listesi’ne eklemediyseniz, Safari’yi kullanarak bir web sayfasına gitmek için Mac’iniz İnternet’e bağlı olmalıdır."},"sfri35826":{"name":"İnternet hesabınızı diğer macOS uygulamalarıyla kullanma"},"sfri32153":{"name":"Genişletmeler tercihleri","searchName":"Safari’de Genişletmeler tercihleri"},"sfri11471":{"name":"Çerezleri ve web sitesi verilerini yönetme","searchName":"Safari'yi kullanarak çerezleri ve web sitesi verilerini yönetme"},"ibrw1012":{"name":"Safari penceresini özelleştirme"},"ibrw1036":{"name":"Bir yazılım eki yoksa","searchName":"Bir Safari yazılım eki yoksa"},"ibrw1039":{"name":"Yer işaretlerini kullanma","searchName":"Safari'de yer işaretlerini kullanma"},"ibrw1015":{"name":"Yer imleri ve tarihçeyi içe aktarma","searchName":"Diğer tarayıcılardan Safari'ye yer işaretleri ve tarihçe aktarma"},"sfri11576":{"name":"Web sayfalarını sekmelerde görüntüleme","searchName":"Safari'yi kullanarak web sayfalarını sekmelerde görüntüleme"},"sfri21236":{"name":"Şifreli bir web sayfası açılmıyorsa","searchName":"Safari’de şifreli bir web sayfası açılmıyorsa"},"ibrw1089":{"name":"Web sayfalarını kaydetme","searchName":"Safari’yi kullanarak web sayfalarını kaydetme"},"sfri47acf5d6":{"name":"Dolaşma tarihçenizi temizleme","searchName":"Safari’de dolaşma tarihçenizi temizleme"},"ibrw979a931f":{"name":"Makaleleri çevrimdışı okuma"},"ibrw1018":{"name":"Web sayfası öğelerini ve etkinliğini inceleme","searchName":"Safari'yi kullanarak web sayfası öğelerini ve etkinliğini inceleme"},"ibrw1041":{"name":"Favoriler çubuğunda yer işaretleri yoksa","searchName":"Safari’nin Favoriler çubuğunda yer işaretleri yoksa"},"ibrwe2159f50":{"name":"Web Sitesi Tercihleri","searchName":"Safari’de Web sitesi tercihleri"},"sfri21978704":{"name":"cookies and website data","categories":["aside"]},"ibrw1068":{"name":"Web sayfalarında büyütme","searchName":"Safari'yi kullanarak web sayfalarında büyütme"},"cpsh003":{"name":"Klavye kestirmeleri ve diğer kestirmeler"},"ibrw1020":{"name":"Ana sayfanızı ayarlama","searchName":"Safari'de ana sayfanızı ayarlama"},"sfri264b84ab":{"name":"force click","categories":["aside"]},"glosc8aef3dc":{"name":"Touch ID","categories":["aside"]},"ibrwe75c2a3c":{"name":"Arama seçeneklerini değiştirme","searchName":"Safari’yi kullanarak arama seçeneklerini değiştirme"},"sfrid73436cb":{"name":"Aradığınızı bulma","searchName":"Aradığınızı Safari’de bulma"},"sfri40732":{"name":"İzlemeleri önleme","searchName":"Safari’de web sitelerinin sizi izlememelerini isteme"},"sfri11861":{"name":"Sorun giderme"},"ibrw1005":{"name":"Web sitelerine gitme","searchName":"Safari’yi kullanarak web sitelerine gitme"},"sfria1042d31":{"name":"Arama tercihleri","searchName":"Safari’de Arama tercihleri"},"ibrw74269f2c":{"name":"Smart Search field","categories":["aside"]},"ibrw1031":{"name":"Bir web sayfası bozuk görünüyorsa","searchName":"Safari’de bir web sayfası bozuk görünüyorsa"},"ibrwa005":{"name":"Otomatik Doldurma tercihleri","searchName":"Safari’de Otomatik Doldurma tercihleri"}},"copyright_text":"Copyright © 2017 Apple Inc. Tüm hakları saklıdır."}