{"css":"","framework":"duck-10.2.11","title":"Ajuda Safari","build_id":"596cf88809462262265512ef","quick_links":[],"icon":"..\/SharedGlobalArt\/AppIconDefault_Safari.png","sections":{"ibrw8586170f":{"name":"Privacidade e segurança","children":["sfri11471","sfri40696","sfri47acf5d6","ibrw1069","sfri40697","sfri40732"]},"ibrwdcc86085":{"name":"Navegar na web","children":["ibrw1005","sfrid73436cb","sfri40726","sfri22092","ibrw1039","sfri11576","ibrw0495694f","ibrw27291639","ibrwae910b47"]},"ibrwc2a4c26f":{"name":"Personalizar o Safari","children":["ibrw1020","ibrw1012","ibrw933b3c1f","ibrwa008","ibrw1068","sfri32508","ibrw1015"]},"ibrwf52aedab":{"name":"Ler artigos e links compartilhados","children":["sfri35905","sfri32632","ibrw979a931f"]},"ibrw201dc86d":{"name":"Transferir, compartilhar e salvar conteúdo","children":["sfri40598","sfri40722","sfri40785","ibrw1089","ibrw1060"]},"ibrw8eb4666f":{"name":"Comprar na web","children":["ibrw8e207504","ibrw1103"]}},"birdseed_version":5,"toc":["sfri35862","ibrwdcc86085","ibrw8eb4666f","ibrwf52aedab","ibrw201dc86d","ibrwc2a4c26f","ibrw8586170f","cpsh003","sfri11861"],"locale":"pt-br","version":"10.0","source_schema":"apd-schema","enable_tracking":false,"platform":"mac","build_date":"2017.07.17-10:56:42","landing":"sfri35476","product":"safari","urls":{},"copyright":"","show_previous_next":false,"topics":{"sfri35862":{"name":"Visão geral do Safari"},"ibrw1118":{"name":"Caso os recursos do Safari não estejam disponíveis ou caso seja solicitada uma senha"},"ibrwa008":{"name":"Torne o Safari seu navegador de Internet padrão"},"sfri40724":{"name":"Preferências Notificações","searchName":"Painel de preferências Notificações do Safari"},"ibrw933b3c1f":{"name":"Personalize a navegação para sites individuais"},"sfri35610":{"name":"Preferência Privacidade","searchName":"Preferência Privacidade do Safari"},"ibrw1060":{"name":"Imprima páginas web","searchName":"Imprima páginas web do Safari"},"ibrw27291639":{"name":"Reproduzir vídeos da web"},"ibrwae910b47":{"name":"Silencie áudio em abas","searchName":"Silencie o áudio em abas do Safari"},"sfri35905":{"name":"Mantenha uma lista de leitura","searchName":"Mantenha uma lista de leitura no Safari"},"sfri40599":{"name":"Preferência Senhas","searchName":"Preferência Senhas do Safari"},"ibrw1066":{"name":"Sobre certificados e sites criptografados","searchName":"Sobre certificados e sites criptografados no Safari"},"sfri78488bc1":{"name":"administrator","categories":["aside"]},"ibrw1069":{"name":"Use janelas de Navegação Privada","searchName":"Utilize janelas de Navegação Privada no Safari"},"ibrw1045":{"name":"Preferência Abas","searchName":"Preferência Abas no Safari"},"sfri4f24ca1c":{"name":"Se o Safari exibir um alerta de segurança de WebGL"},"ibrw1071":{"name":"Se o Safari não puder abrir um site"},"ibrw1074":{"name":"Preferência Segurança","searchName":"Preferência Segurança no Safari"},"ibrw1113":{"name":"Melhore suas buscas na web","searchName":"Melhore suas buscas na web usando o Safari"},"sfri32508":{"name":"Use extensões do Safari"},"ibrw051607b8":{"name":"Simule dispositivos Apple","searchName":"Simular dispositivos Apple no Safari"},"sfri40734":{"name":"Gerencie as notificações do site","searchName":"Gerencie as notificações dos sites usando o Safari"},"ibrw1053":{"name":"Configure um servidor proxy","searchName":"Configure um servidor proxy com o Safari"},"ibrw1077":{"name":"Caso o Safari não possa abrir uma janela"},"sfri40785":{"name":"Adicione tíquetes à Wallet","searchName":"Adicione tíquetes à Wallet usando o Safari"},"sfri43593":{"name":"Se um site possuir conteúdo de plug-in","searchName":"Se um site tiver conteúdo de plug-in do Safari"},"sfri40697":{"name":"Identifique sites criptografados e evite fraudes","searchName":"Identifique sites criptografados e evite fraudes usando o Safari"},"ibrw1009":{"name":"Visite páginas web novamente","searchName":"Visite páginas web novamente usando o histórico do Safari"},"ibrw1032":{"name":"Caso os recursos de um site não funcionem","searchName":"Caso os recursos de um site não funcionem no Safari"},"ibrwa006":{"name":"Se o Safari não puder transferir um item da web"},"sfri563ecfdc":{"name":"Safari Suggestions","categories":["aside"]},"sfri4b415f9c":{"name":"Caso um site tenha gráficos WebGL","searchName":"Caso um site tenha gráficos WebGL no Safari"},"ibrw53c401e7":{"name":"Visualize os Sites Mais Visitados","searchName":"Visualize a página Sites Mais Visitados do Safari"},"sfri5bcd1b2e":{"name":"malware","categories":["aside"]},"sfri40598":{"name":"Transfira itens da web","searchName":"Transfira itens da web usando o Safari"},"sfri40726":{"name":"Ver as páginas web abertas em seus outros dispositivos","searchName":"Ver as páginas web abertas no Safari em seus outros dispositivos"},"ibrw1100":{"name":"Caso o Preenchimento Automático não funcione","searchName":"Caso o Preenchimento Automático não funcione no Safari"},"glosbabd4062":{"name":"Touch Bar","categories":["aside"]},"ibrw0495694f":{"name":"Alfinete os sites mais visitados"},"ibrw1103":{"name":"Use o Preenchimento Automático","searchName":"Usar o Preenchimento Automático para cartões de crédito, contatos e senhas no Safari"},"ibrw1090":{"name":"Visualize arquivos PDF","searchName":"Visualize arquivos PDF com o Safari"},"sfri22092":{"name":"Visualizar Favoritos","searchName":"Visualizar a página de Favoritos do Safari"},"sfri35476":{"name":"Ajuda Safari","href":"sfri35476.html","categories":["landing"]},"sfri20879":{"name":"Bancos de dados armazenados no seu computador","searchName":"Bancos de dados armazenados no seu computador que usam o Safari"},"glosbdc8e694":{"name":"Apple ID","categories":["aside"]},"sfri35922":{"name":"Se o Safari detectar um erro ao exibir uma página web"},"ibrw1072":{"name":"Preferências Gerais","searchName":"Painel de preferências Geral no Safari"},"sfri32632":{"name":"Leia sem distrações","searchName":"Leia sem distrações com o Leitor do Safari"},"sfri27594":{"name":"Caso precise remover um plug-in","searchName":"Caso precise remover um plug-in do Safari"},"ibrw1075":{"name":"Painel Avançado das preferências","searchName":"Painel de preferências Avançado do Safari"},"ibrwa001":{"name":"Por que bloquear as janelas pop-up?","searchName":"Por que bloquear os pop-up das páginas da web no Safari?"},"ibrw1114":{"name":"Busque no seu histórico de navegação","searchName":"Busque no seu histórico de navegação da web usando o Safari"},"sfri40696":{"name":"Bloqueie pop-ups e conteúdo desnecessário","searchName":"Bloqueie pop-ups e conteúdo desnecessário no Safari"},"sfri40722":{"name":"Compartilhe, tuíte ou publique sites","searchName":"Compartilhe, tuíte ou publique páginas da web usando o Safari"},"sfri20948":{"name":"Use o menu Desenvolvedor do Safari"},"ibrw1117":{"name":"Caso o Safari não possa salvar uma senha"},"ibrw1080":{"name":"Escolha qual site os usuários podem visualizar","searchName":"Escolha qual site os usuários podem visualizar no Safari"},"ibrw8e207504":{"name":"Pagar com Apple Pay","searchName":"Compre com Apple Pay no Safari"},"ibrw1033":{"name":"Se o Safari não exibir imagens das páginas web"},"ibrwa007":{"name":"Caso esteja tentando usar o Safari enquanto estiver desconectado","href":"ibrwa007.html","summary":"O Mac deve estar conectado à Internet caso deseje visitar uma página web usando o Safari, a não ser que você tenha adicionado a página à Lista de Leitura enquanto estivesse conectado."},"sfri35826":{"name":"Use sua conta da Internet com outros aplicativos do macOS"},"sfri32153":{"name":"Preferências de Extensões","searchName":"Painel de preferências Extensões do Safari"},"sfri11471":{"name":"Gerencie cookies e dados de sites","searchName":"Gerencie cookies e dados de sites usando o Safari"},"ibrw1012":{"name":"Personalize a janela do Safari"},"ibrw1036":{"name":"Caso um plug-in esteja faltando","searchName":"Caso um plug-in do Safari esteja faltando"},"ibrw1039":{"name":"Use favoritos","searchName":"Use favoritos no Safari"},"ibrw1015":{"name":"Importe favoritos e histórico","searchName":"Importe favoritos e histórico de outros navegadores ao Safari"},"sfri11576":{"name":"Visualize páginas web em abas","searchName":"Visualize páginas web em abas com o Safari"},"sfri21236":{"name":"Caso uma página criptografada não abra","searchName":"Caso uma página criptografada não abra no Safari"},"ibrw1089":{"name":"Salve páginas web","searchName":"Salve páginas web usando o Safari"},"sfri47acf5d6":{"name":"Apague seu histórico de navegação","searchName":"Apague seu histórico de navegação do Safari"},"ibrw979a931f":{"name":"Leia artigos desconectado"},"ibrw1018":{"name":"Examine elementos e atividade de páginas da web","searchName":"Examine elementos e atividade de páginas da web usando o Safari"},"ibrw1041":{"name":"Caso estejam faltando favoritos na barra de Favoritos","searchName":"Caso estejam faltando favoritos na barra de Favoritos do Safari"},"ibrwe2159f50":{"name":"Preferência web","searchName":"Preferência web no Safari"},"sfri21978704":{"name":"cookies and website data","categories":["aside"]},"ibrw1068":{"name":"Amplie sites","searchName":"Amplie páginas web usando o Safari"},"cpsh003":{"name":"Atalhos de teclado e outros"},"ibrw1020":{"name":"Defina sua página inicial","searchName":"Defina a página inicial no Safari"},"sfri264b84ab":{"name":"force click","categories":["aside"]},"glosc8aef3dc":{"name":"Touch ID","categories":["aside"]},"ibrwe75c2a3c":{"name":"Altere opções de busca","searchName":"Altere opções de busca usando o Safari"},"sfrid73436cb":{"name":"Encontre o que você está procurando","searchName":"Encontre o que você está procurando no Safari"},"sfri40732":{"name":"Impeça o tracking","searchName":"Solicite aos sites que não lhe rastreiem no Safari"},"sfri11861":{"name":"Solução de problemas"},"ibrw1005":{"name":"Visite sites","searchName":"Visite sites usando o Safari"},"sfria1042d31":{"name":"Preferência Buscar","searchName":"Preferência Buscar no Safari"},"ibrw74269f2c":{"name":"Smart Search field","categories":["aside"]},"ibrw1031":{"name":"Caso uma página web esteja truncada","searchName":"Caso uma página da web esteja truncada no Safari"},"ibrwa005":{"name":"Painel de preferências Preenchimento","searchName":"Painel de preferências Preenchimento do Safari"}},"copyright_text":"Copyright © 2017 Apple Inc. Todos os direitos reservados."}