{"css":"","framework":"duck-10.2.11","title":"Ajuda del Safari","build_id":"596cf887680ce2c127b0ee10","quick_links":[],"icon":"..\/SharedGlobalArt\/AppIconDefault_Safari.png","sections":{"ibrw8586170f":{"name":"Privadesa i seguretat","children":["sfri11471","sfri40696","sfri47acf5d6","ibrw1069","sfri40697","sfri40732"]},"ibrwdcc86085":{"name":"Navegar per Internet","children":["ibrw1005","sfrid73436cb","sfri40726","sfri22092","ibrw1039","sfri11576","ibrw0495694f","ibrw27291639","ibrwae910b47"]},"ibrwc2a4c26f":{"name":"Personalitzar Safari","children":["ibrw1020","ibrw1012","ibrw933b3c1f","ibrwa008","ibrw1068","sfri32508","ibrw1015"]},"ibrwf52aedab":{"name":"Llegir articles i enllaços compartits","children":["sfri35905","sfri32632","ibrw979a931f"]},"ibrw201dc86d":{"name":"Descarregar, compartir i desar contingut","children":["sfri40598","sfri40722","sfri40785","ibrw1089","ibrw1060"]},"ibrw8eb4666f":{"name":"Comprar per Internet","children":["ibrw8e207504","ibrw1103"]}},"birdseed_version":5,"toc":["sfri35862","ibrwdcc86085","ibrw8eb4666f","ibrwf52aedab","ibrw201dc86d","ibrwc2a4c26f","ibrw8586170f","cpsh003","sfri11861"],"locale":"ca","version":"10.0","source_schema":"apd-schema","enable_tracking":false,"platform":"mac","build_date":"2017.07.17-12:07:29","landing":"sfri35476","product":"safari","urls":{},"copyright":"","show_previous_next":false,"topics":{"sfri35862":{"name":"Visió general del Safari"},"ibrw1118":{"name":"Si les funcions de Safari no estan disponibles o l’ordinador us demana una contrasenya"},"ibrwa008":{"name":"Convertir Safari en el navegador web per omissió"},"sfri40724":{"name":"Tauler de preferències Notificacions","searchName":"Preferències de notificacions del Safari"},"ibrw933b3c1f":{"name":"Personalitzar la navegació per alguns llocs web"},"sfri35610":{"name":"Preferències de privadesa","searchName":"Preferències de privadesa del Safari"},"ibrw1060":{"name":"Imprimir pàgines web","searchName":"Imprimir pàgines web des de Safari"},"ibrw27291639":{"name":"Reproduir vídeos web"},"ibrwae910b47":{"name":"Silenciar l’àudio de les pestanyes","searchName":"Silenciar l’àudio a les pestanyes del Safari"},"sfri35905":{"name":"Mantenir una llista de lectura","searchName":"Mantenir una llista de lectura al Safari"},"sfri40599":{"name":"Preferències del contrasenya","searchName":"Preferències de contrasenya del Safari"},"ibrw1066":{"name":"Sobre els certificats i els llocs web encriptats","searchName":"Sobre els certificats i els llocs web encriptats al Safari"},"sfri78488bc1":{"name":"administrator","categories":["aside"]},"ibrw1069":{"name":"Fer servir finestres de navegació privada","searchName":"Utilitzar finestres de navegació privada al Safari"},"ibrw1045":{"name":"Preferències de pestanyes","searchName":"Preferències de pestanyes del Safari"},"sfri4f24ca1c":{"name":"Si el Safari mostra un avís de seguretat de WebGL"},"ibrw1071":{"name":"Si el Safari no pot obrir un lloc web"},"ibrw1074":{"name":"Preferències de seguretat","searchName":"Preferències de seguretat del Safari"},"ibrw1113":{"name":"Millorar les cerques a Internet","searchName":"Millorar les cerques a Internet amb Safari"},"sfri32508":{"name":"Utilitzar les extensions del Safari"},"ibrw051607b8":{"name":"Simula dispositius Apple","searchName":"Simula dispositius Apple al Safari"},"sfri40734":{"name":"Gestionar notificacions de llocs web","searchName":"Gestionar les notificacions dels llocs web amb el Safari"},"ibrw1053":{"name":"Configurar un servidor intermediari","searchName":"Configurar un servidor proxy amb Safari"},"ibrw1077":{"name":"Si el Safari no pot obrir una finestra"},"sfri40785":{"name":"Afegir passis al Wallet","searchName":"Afegir passis al Wallet utilitzant el Safari"},"sfri43593":{"name":"Si un lloc web té contingut de connector","searchName":"Si un lloc web té contingut de connector de Safari"},"sfri40697":{"name":"Identificar llocs web encriptats i evitar fraus","searchName":"Podeu identificar llocs web encriptats i evitar fraus amb el Safari"},"ibrw1009":{"name":"Tornar a visitar una pàgina web","searchName":"Tornar a visitar pàgines web utilitzant l’historial de Safari"},"ibrw1032":{"name":"Algunes funcions d’una pàgina web no funcionen","searchName":"Si algunes funcions d’una pàgina web no funcionen al Safari"},"ibrwa006":{"name":"Si el Safari no pot descarregar un ítem d’Internet"},"sfri563ecfdc":{"name":"Safari Suggestions","categories":["aside"]},"sfri4b415f9c":{"name":"Si un lloc web té gràfics WebGL","searchName":"Si un lloc web té gràfics WebGL al Safari"},"ibrw53c401e7":{"name":"Veure els vostres llocs principals","searchName":"Veure la pàgina “Llocs principals” del Safari"},"sfri5bcd1b2e":{"name":"malware","categories":["aside"]},"sfri40598":{"name":"Descarregar arxius d’Internet","searchName":"Descarregar arxius d’Internet amb el Safari"},"sfri40726":{"name":"Veure les pàgines web obertes en altres dispositius","searchName":"Veure les pàgines web obertes al Safari en altres dispositius"},"ibrw1100":{"name":"Si la funció Autocompletar no funciona","searchName":"Si la funció Autocompletar no funciona al Safari"},"glosbabd4062":{"name":"Touch Bar","categories":["aside"]},"ibrw0495694f":{"name":"Destacar els llocs visitats amb freqüència"},"ibrw1103":{"name":"Utilitzar la funció Autocompletar","searchName":"Utilitzar Autocompletar per a les targetes de crèdit, els contactes i les contrasenyes del Safari"},"ibrw1090":{"name":"Visualitzar arxius PDF","searchName":"Visualitzar arxius PDF amb Safari"},"sfri22092":{"name":"Veure els favorits","searchName":"Veure la pàgina Favorits del Safari"},"sfri35476":{"name":"Ajuda Safari","href":"sfri35476.html","categories":["landing"]},"sfri20879":{"name":"Bases de dades desades a l’ordinador","searchName":"Bases de dades desades a l’ordinador utilitzant el Safari"},"glosbdc8e694":{"name":"Apple ID","categories":["aside"]},"sfri35922":{"name":"Si el Safari pateix un error al mostrar una pàgina web"},"ibrw1072":{"name":"Preferències generals","searchName":"Preferències generals del Safari"},"sfri32632":{"name":"Llegir articles sense interferències","searchName":"Llegir articles sense interferències amb el Safari Reader"},"sfri27594":{"name":"Si necessiteu eliminar un connector","searchName":"Si necessiteu eliminar un connector del Safari"},"ibrw1075":{"name":"Preferències avançades","searchName":"Preferències avançades del Safari"},"ibrwa001":{"name":"Per què bloquejar finestres emergents?","searchName":"Per què bloquejar finestres emergents dels llocs web a Safari?"},"ibrw1114":{"name":"Buscar a l’historial de navegació","searchName":"Buscar a l’historial de navegació per Internet amb el Safari"},"sfri40696":{"name":"Bloquejar finestres emergents i contingut innecessari","searchName":"Bloquejar finestres emergents i contingut innecessari a Safari"},"sfri40722":{"name":"Compartir, piular o publicar pàgines web","searchName":"Compartir, piular o publicar pàgines web amb el Safari"},"sfri20948":{"name":"Utilitzar el menú Desenvolupament del Safari"},"ibrw1117":{"name":"Si el Safari no pot desar una contrasenya"},"ibrw1080":{"name":"Seleccionar els llocs web que els usuaris poden veure","searchName":"Seleccionar els llocs web que els usuaris poden veure al Safari"},"ibrw8e207504":{"name":"Pagar amb l’Apple Pay","searchName":"Comprar amb l’Apple Pay al Safari"},"ibrw1033":{"name":"Si el Safari no mostra les imatges de les pàgines web"},"ibrwa007":{"name":"Si intenteu usar Safari quan esteu fora de línia","href":"ibrwa007.html","summary":"El Mac ha d’estar connectat a Internet per visitar un lloc web amb el Safari, llevat que hagis afegit la pàgina a la llista de lectura mentre estaves en línia."},"sfri35826":{"name":"Utilitzar el vostre compte d’Internet amb altres aplicacions del macOS"},"sfri32153":{"name":"Preferències de les extensions","searchName":"Preferències d’extensions del Safari"},"sfri11471":{"name":"Gestionar les galetes i dades dels llocs web","searchName":"Gestionar les galetes i dades de llocs web mitjançant el Safari"},"ibrw1012":{"name":"Personalitzar la finestra del Safari"},"ibrw1036":{"name":"Si falta un connector","searchName":"Si falta un connector del Safari"},"ibrw1039":{"name":"Utilitzar els favorits","searchName":"Utilitzeu els marcadors al Safari"},"ibrw1015":{"name":"Importar els marcadors i l’historial","searchName":"Importeu els favorits i l’historial d’altres navegadors"},"sfri11576":{"name":"Veure pàgines web en pestanyes","searchName":"Veure pàgines web en pestanyes utilitzant el Safari"},"sfri21236":{"name":"Si una pàgina web encriptada no s’obre","searchName":"Si una pàgina web encriptada no s’obre amb Safari"},"ibrw1089":{"name":"Desar pàgines web","searchName":"Desar pàgines web amb Safari"},"sfri47acf5d6":{"name":"Esborrar l’historial de navegació","searchName":"Esborrar l’historial de navegació del Safari"},"ibrw979a931f":{"name":"Llegir articles fora de línia"},"ibrw1018":{"name":"Examinar els elements de la pàgina web i de l’activitat","searchName":"Examinar els elements de la pàgina web i de l’activitat utilitzant Safari"},"ibrw1041":{"name":"Si falten favorits a la barra de favorits","searchName":"Si falten favorits a la barra de favorits del Safari"},"ibrwe2159f50":{"name":"Preferències del lloc web","searchName":"Preferències del lloc web del Safari"},"sfri21978704":{"name":"cookies and website data","categories":["aside"]},"ibrw1068":{"name":"Ampliar seccions de pàgines web amb el zoom","searchName":"Augmentar el zoom a les pàgines web amb el Safari"},"cpsh003":{"name":"Dreceres de teclat i altres dreceres"},"ibrw1020":{"name":"Definir la pàgina d’inici","searchName":"Definir la pàgina d’inici al Safari"},"sfri264b84ab":{"name":"force click","categories":["aside"]},"glosc8aef3dc":{"name":"Touch ID","categories":["aside"]},"ibrwe75c2a3c":{"name":"Canviar les opcions de cerca","searchName":"Canviar les opcions de cerca utilitzant Safari"},"sfrid73436cb":{"name":"Trobar allò que busqueu","searchName":"Trobar allò que busqueu al Safari"},"sfri40732":{"name":"Impedir el seguiment","searchName":"Sol·licitar als llocs web que no facin un seguiment de la vostra navegació a Safari"},"sfri11861":{"name":"Solució de problemes"},"ibrw1005":{"name":"Anar a llocs web","searchName":"Anar a llocs webs amb el Safari"},"sfria1042d31":{"name":"Preferències de cerca","searchName":"Preferències de cerca del Safari"},"ibrw74269f2c":{"name":"Smart Search field","categories":["aside"]},"ibrw1031":{"name":"Si una pàgina web no es veu correctament","searchName":"Si una pàgina web no es veu correctament a Safari"},"ibrwa005":{"name":"Preferències d’autocompleció","searchName":"Preferències preferències d’autocompleció del Safari"}},"copyright_text":"Copyright © 2017 Apple Inc. Tots els drets reservats."}