{"css":"","framework":"duck-10.2.11","title":"Safari 輔助說明","build_id":"596cf88709462262265512e3","quick_links":[],"icon":"..\/SharedGlobalArt\/AppIconDefault_Safari.png","sections":{"ibrw8586170f":{"name":"隱私和安全性","children":["sfri11471","sfri40696","sfri47acf5d6","ibrw1069","sfri40697","sfri40732"]},"ibrwdcc86085":{"name":"瀏覽網頁","children":["ibrw1005","sfrid73436cb","sfri40726","sfri22092","ibrw1039","sfri11576","ibrw0495694f","ibrw27291639","ibrwae910b47"]},"ibrwc2a4c26f":{"name":"自定 Safari","children":["ibrw1020","ibrw1012","ibrw933b3c1f","ibrwa008","ibrw1068","sfri32508","ibrw1015"]},"ibrwf52aedab":{"name":"閱讀文章和分享的連結","children":["sfri35905","sfri32632","ibrw979a931f"]},"ibrw201dc86d":{"name":"下載、分享和儲存內容","children":["sfri40598","sfri40722","sfri40785","ibrw1089","ibrw1060"]},"ibrw8eb4666f":{"name":"在網頁上購物","children":["ibrw8e207504","ibrw1103"]}},"birdseed_version":5,"toc":["sfri35862","ibrwdcc86085","ibrw8eb4666f","ibrwf52aedab","ibrw201dc86d","ibrwc2a4c26f","ibrw8586170f","cpsh003","sfri11861"],"locale":"zh-tw","version":"10.0","source_schema":"apd-schema","enable_tracking":false,"platform":"mac","build_date":"2017.07.17-10:59:58","landing":"sfri35476","product":"safari","urls":{},"copyright":"","show_previous_next":false,"topics":{"sfri35862":{"name":"Safari 概覽"},"ibrw1118":{"name":"如果無法使用 Safari 功能或者網站要求您輸入密碼"},"ibrwa008":{"name":"讓 Safari 成為預設網頁瀏覽器"},"sfri40724":{"name":"「通知」偏好設定","searchName":"Safari 中的「通知」偏好設定"},"ibrw933b3c1f":{"name":"自定個別網站的瀏覽方式"},"sfri35610":{"name":"「隱私權」偏好設定","searchName":"Safari 中的「隱私權」偏好設定"},"ibrw1060":{"name":"列印網頁","searchName":"從 Safari 列印網頁"},"ibrw27291639":{"name":"播放網路影片"},"ibrwae910b47":{"name":"將標籤頁中的音訊靜音","searchName":"讓 Safari 標籤頁中的音訊靜音："},"sfri35905":{"name":"保留閱讀列表","searchName":"在 Safari 中保留閱讀列表"},"sfri40599":{"name":"「密碼」偏好設定。","searchName":"Safari 中的「密碼」偏好設定"},"ibrw1066":{"name":"關於憑證和加密網站","searchName":"關於 Safari 中的憑證和加密網站"},"sfri78488bc1":{"name":"administrator","categories":["aside"]},"ibrw1069":{"name":"使用私密瀏覽視窗","searchName":"在 Safari 中使用私密瀏覽視窗"},"ibrw1045":{"name":"「標籤頁」偏好設定","searchName":"Safari 中的「標籤頁」偏好設定"},"sfri4f24ca1c":{"name":"若 Safari 顯示 WebGL 安全性提示"},"ibrw1071":{"name":"若 Safari 無法打開網站"},"ibrw1074":{"name":"「安全性」偏好設定","searchName":"Safari 中的「安全性」偏好設定"},"ibrw1113":{"name":"改進網頁搜尋","searchName":"使用 Safari 改進網頁搜尋"},"sfri32508":{"name":"使用 Safari 延伸功能"},"ibrw051607b8":{"name":"模擬 Apple 裝置","searchName":"在 Safari 中模擬 Apple 裝置"},"sfri40734":{"name":"管理網站通知","searchName":"使用 Safari 管理網站通知"},"ibrw1053":{"name":"設定代理伺服器","searchName":"使用 Safari 設定代理伺服器"},"ibrw1077":{"name":"若 Safari 無法打開視窗"},"sfri40785":{"name":"加入票卡至 Wallet","searchName":"使用 Safari 來在 Wallet 中加入票卡"},"sfri43593":{"name":"若網站包含外掛模組內容","searchName":"若網站包含 Safari 外掛模組內容"},"sfri40697":{"name":"辨識加密網站並且避免詐騙","searchName":"使用 Safari 辨識加密網站並且避免詐騙"},"ibrw1009":{"name":"重新參訪網頁","searchName":"使用 Safari 瀏覽記錄重新參訪網頁"},"ibrw1032":{"name":"若網頁的功能無法使用","searchName":"若在 Safari 中網頁的功能無法使用"},"ibrwa006":{"name":"若 Safari 無法從網路下載項目"},"sfri563ecfdc":{"name":"Safari Suggestions","categories":["aside"]},"sfri4b415f9c":{"name":"若網站具有 WebGL 圖形","searchName":"若網站在 Safari 中具有 WebGL 圖形"},"ibrw53c401e7":{"name":"檢視您的「常用網站」","searchName":"檢視 Safari「常用網站」頁面"},"sfri5bcd1b2e":{"name":"malware","categories":["aside"]},"sfri40598":{"name":"從網站下載項目","searchName":"使用 Safari 從網頁下載網頁項目"},"sfri40726":{"name":"在您其他裝置上查看開啟的網頁","searchName":"在您其他裝置上的 Safari 中查看開啟的網頁"},"ibrw1100":{"name":"若自動填寫無法使用","searchName":"若自動填寫無法在 Safari 中使用"},"glosbabd4062":{"name":"Touch Bar","categories":["aside"]},"ibrw0495694f":{"name":"釘選經常參訪的網站"},"ibrw1103":{"name":"使用自動填寫","searchName":"在 Safari 中使用「自動填寫」來填寫信用卡、聯絡資訊和密碼"},"ibrw1090":{"name":"檢視 PDF 檔案","searchName":"使用 Safari 檢視 PDF 頁面"},"sfri22092":{"name":"檢視「喜好項目」","searchName":"檢視 Safari「喜好項目」頁面"},"sfri35476":{"name":"Safari 輔助說明","href":"sfri35476.html","categories":["landing"]},"sfri20879":{"name":"儲存在電腦上的資料庫","searchName":"使用 Safari 儲存在電腦上的資料庫"},"glosbdc8e694":{"name":"Apple ID","categories":["aside"]},"sfri35922":{"name":"若 Safari 在顯示網頁時遇到錯誤"},"ibrw1072":{"name":"「一般」偏好設定","searchName":"Safari 中的「一般」偏好設定"},"sfri32632":{"name":"以簡潔的外觀閱讀文章","searchName":"使用 Safari 的「閱讀器」來以簡潔的外觀閱讀文章"},"sfri27594":{"name":"若需要移除外掛模組","searchName":"若需要移除 Safari 外掛模組"},"ibrw1075":{"name":"「進階」偏好設定","searchName":"Safari 中的「進階」偏好設定"},"ibrwa001":{"name":"為何要阻擋彈出式視窗？","searchName":"為何要在 Safari 的網頁上阻擋彈出式視窗？"},"ibrw1114":{"name":"搜尋瀏覽記錄","searchName":"使用 Safari 搜尋您的網頁瀏覽記錄"},"sfri40696":{"name":"阻擋彈出式網頁和不必要的內容","searchName":"在 Safari 中阻擋彈出式網頁和不必要的內容"},"sfri40722":{"name":"分享、推文或發佈網頁","searchName":"使用 Safari 分享、推文或發佈網頁"},"sfri20948":{"name":"使用 Safari「開發」選單"},"ibrw1117":{"name":"若 Safari 無法儲存密碼"},"ibrw1080":{"name":"選擇使用者可以檢視的網站","searchName":"選擇使用者在 Safari 中可以檢視的網站"},"ibrw8e207504":{"name":"使用 Apple Pay 付款","searchName":"在 Safari 中使用 Apple Pay 購物"},"ibrw1033":{"name":"如果 Safari 沒有顯示網頁影像"},"ibrwa007":{"name":"若您嘗試在離線時使用 Safari","href":"ibrwa007.html","summary":"若要使用 Safari 前往網頁，您的 Mac 必須連接到 Internet，除非您在電腦有連線時將網頁加入「閱讀列表」。"},"sfri35826":{"name":"在其他 macOS App 中使用您的 Internet 帳號"},"sfri32153":{"name":"「延伸功能」偏好設定","searchName":"Safari 中的「延伸功能」偏好設定"},"sfri11471":{"name":"管理 Cookie 和網站資料","searchName":"使用 Safari 管理 Cookie 和網站資料"},"ibrw1012":{"name":"自定 Safari 視窗"},"ibrw1036":{"name":"若遺失外掛模組","searchName":"若遺失 Safari 外掛模組"},"ibrw1039":{"name":"使用書籤","searchName":"在 Safari 中使用書籤"},"ibrw1015":{"name":"輸入書籤和瀏覽記錄","searchName":"從其他瀏覽器輸入書籤和瀏覽記錄到 Safari 中"},"sfri11576":{"name":"在標籤頁中檢視網頁","searchName":"使用 Safari 在標籤頁中檢視網頁"},"sfri21236":{"name":"若打不開加密的網頁","searchName":"若 Safari 打不開加密的網頁"},"ibrw1089":{"name":"儲存網頁","searchName":"使用 Safari 儲存網頁"},"sfri47acf5d6":{"name":"清除瀏覽記錄","searchName":"清除 Safari 瀏覽記錄"},"ibrw979a931f":{"name":"離線閱讀文章"},"ibrw1018":{"name":"檢查網頁元件和活動","searchName":"使用 Safari 檢查網頁元件和活動"},"ibrw1041":{"name":"若書籤在喜好項目列中遺失","searchName":"若書籤在 Safari 的喜好項目列中遺失"},"ibrwe2159f50":{"name":"網站偏好設定","searchName":"Safari 中的「網站」偏好設定"},"sfri21978704":{"name":"cookies and website data","categories":["aside"]},"ibrw1068":{"name":"放大網頁","searchName":"使用 Safari 放大網頁"},"cpsh003":{"name":"鍵盤和其他快速鍵"},"ibrw1020":{"name":"設定首頁","searchName":"設定 Safari 的首頁"},"sfri264b84ab":{"name":"force click","categories":["aside"]},"glosc8aef3dc":{"name":"Touch ID","categories":["aside"]},"ibrwe75c2a3c":{"name":"更改搜尋選項","searchName":"使用 Safari 更改搜尋選項"},"sfrid73436cb":{"name":"尋找您要搜尋的內容","searchName":"在 Safari 中尋找您要搜尋的內容"},"sfri40732":{"name":"不允許追蹤","searchName":"在 Safari 中要求網站停止追蹤"},"sfri11861":{"name":"疑難解答"},"ibrw1005":{"name":"前往網站","searchName":"使用 Safari 前往網站"},"sfria1042d31":{"name":"「搜尋」偏好設定","searchName":"Safari 中的「搜尋」偏好設定"},"ibrw74269f2c":{"name":"Smart Search field","categories":["aside"]},"ibrw1031":{"name":"若網頁顯示亂碼","searchName":"若網頁在 Safari 中顯示亂碼"},"ibrwa005":{"name":"「自動填寫」偏好設定","searchName":"Safari 中的「自動填寫」偏好設定"}},"copyright_text":"Copyright © 2017 Apple Inc. 保留一切權利。"}