{"css":"","framework":"duck-10.2.11","title":"Pomoc Safari","build_id":"596cf884680ce2c127b0edf8","quick_links":[],"icon":"..\/SharedGlobalArt\/AppIconDefault_Safari.png","sections":{"ibrw8586170f":{"name":"Prywatność i ochrona","children":["sfri11471","sfri40696","sfri47acf5d6","ibrw1069","sfri40697","sfri40732"]},"ibrwdcc86085":{"name":"Przeglądanie Internetu","children":["ibrw1005","sfrid73436cb","sfri40726","sfri22092","ibrw1039","sfri11576","ibrw0495694f","ibrw27291639","ibrwae910b47"]},"ibrwc2a4c26f":{"name":"Dostosowywanie Safari","children":["ibrw1020","ibrw1012","ibrw933b3c1f","ibrwa008","ibrw1068","sfri32508","ibrw1015"]},"ibrwf52aedab":{"name":"Czytanie artykułów i udostępnianych łączy","children":["sfri35905","sfri32632","ibrw979a931f"]},"ibrw201dc86d":{"name":"Pobieranie, udostępnianie i zachowywanie materiałów","children":["sfri40598","sfri40722","sfri40785","ibrw1089","ibrw1060"]},"ibrw8eb4666f":{"name":"Zakupy w Internecie","children":["ibrw8e207504","ibrw1103"]}},"birdseed_version":5,"toc":["sfri35862","ibrwdcc86085","ibrw8eb4666f","ibrwf52aedab","ibrw201dc86d","ibrwc2a4c26f","ibrw8586170f","cpsh003","sfri11861"],"locale":"pl","version":"10.0","source_schema":"apd-schema","enable_tracking":false,"platform":"mac","build_date":"2017.07.17-10:59:55","landing":"sfri35476","product":"safari","urls":{},"copyright":"","show_previous_next":false,"topics":{"sfri35862":{"name":"Safari — przegląd"},"ibrw1118":{"name":"Jeśli niektóre funkcje Safari są niedostępne lub pojawia się pytanie o hasło"},"ibrwa008":{"name":"Ustawianie Safari jako domyślnej przeglądarki Internetu"},"sfri40724":{"name":"Preferencje powiadomień","searchName":"Preferencje powiadomień w Safari"},"ibrw933b3c1f":{"name":"Dostosowywanie przeglądania poszczególnych witryn"},"sfri35610":{"name":"Preferencje prywatności","searchName":"Preferencje prywatności w Safari"},"ibrw1060":{"name":"Drukowanie stron internetowych","searchName":"Drukowanie stron internetowych w Safari"},"ibrw27291639":{"name":"Odtwarzanie wideo w sieci"},"ibrwae910b47":{"name":"Wyciszanie dźwięku w kartach","searchName":"Wyciszanie dźwięku w innych kartach Safari"},"sfri35905":{"name":"Zarządzanie listą Czytelnia","searchName":"Zarządzanie listą Czytelnia w Safari"},"sfri40599":{"name":"Preferencje haseł","searchName":"Preferencje haseł w Safari"},"ibrw1066":{"name":"Certyfikaty i szyfrowane witryny","searchName":"Certyfikaty i szyfrowane witryny w Safari"},"sfri78488bc1":{"name":"administrator","categories":["aside"]},"ibrw1069":{"name":"Używanie okien przeglądania prywatnego","searchName":"Korzystanie z okien przeglądania prywatnego w Safari"},"ibrw1045":{"name":"Preferencje kart","searchName":"Preferencje kart w Safari"},"sfri4f24ca1c":{"name":"Jeśli Safari wyświetla alert bezpieczeństwa WebGL"},"ibrw1071":{"name":"Jeśli Safari nie może otworzyć witryny"},"ibrw1074":{"name":"Preferencje ochrony","searchName":"Preferencje ochrony w Safari"},"ibrw1113":{"name":"Lepsze wyszukiwanie","searchName":"Lepsze przeszukiwanie sieci przy użyciu Safari"},"sfri32508":{"name":"Używanie rozszerzeń Safari"},"ibrw051607b8":{"name":"Symulowanie urządzeń Apple","searchName":"Symulowanie urządzeń Apple w Safari"},"sfri40734":{"name":"Zarządzanie powiadomieniami witryn","searchName":"Zarządzanie powiadomieniami witryn przy użyciu Safari"},"ibrw1053":{"name":"Konfigurowanie serwera proxy","searchName":"Konfigurowanie serwera proxy do użycia w Safari"},"ibrw1077":{"name":"Jeśli Safari nie może otworzyć okna"},"sfri40785":{"name":"Dodawanie kart do programu Wallet","searchName":"Dodawanie kart do programu Wallet przy użyciu Safari"},"sfri43593":{"name":"Jeśli witryna zawiera treść wymagającą wtyczki","searchName":"Jeśli witryna zawiera treść wymagającą wtyczki do Safari"},"sfri40697":{"name":"Rozpoznawanie szyfrowanych witryn oraz unikanie fałszywych witryn","searchName":"Rozpoznawanie szyfrowanych witryn i unikanie fałszywych witryn przy użyciu Safari"},"ibrw1009":{"name":"Ponowne odwiedzanie stron internetowych","searchName":"Ponowne odwiedzanie stron przy użyciu historii Safari"},"ibrw1032":{"name":"Jeśli pewne funkcje strony internetowej nie działają","searchName":"Jeśli w Safari nie działają określone funkcje strony internetowej"},"ibrwa006":{"name":"Jeśli Safari nie może pobrać rzeczy z sieci"},"sfri563ecfdc":{"name":"Safari Suggestions","categories":["aside"]},"sfri4b415f9c":{"name":"Jeśli witryna zawiera grafikę WebGL","searchName":"Jeśli witryna otwierana w Safari zawiera grafikę WebGL"},"ibrw53c401e7":{"name":"Wyświetlanie Ważnych witryn","searchName":"Wyświetlanie strony Top Sites w Safari"},"sfri5bcd1b2e":{"name":"malware","categories":["aside"]},"sfri40598":{"name":"Pobieranie rzeczy z Internetu","searchName":"Pobieranie rzeczy ze Internetu przy użyciu Safari"},"sfri40726":{"name":"Wyświetlanie stron internetowych otwartych na innych urządzeniach","searchName":"Wyświetlanie w Safari stron internetowych otwartych na innych urządzeniach"},"ibrw1100":{"name":"Jeśli automatyczne wypełnianie formularzy nie działa","searchName":"Jeśli automatyczne wypełnianie formularzy w Safari nie działa"},"glosbabd4062":{"name":"Touch Bar","categories":["aside"]},"ibrw0495694f":{"name":"Przypinanie często odwiedzanych witryn"},"ibrw1103":{"name":"Korzystanie z automatycznego wypełniania","searchName":"Automatyczne wypełnianie formularzy kartami kredytowymi, kontaktami oraz hasłami w Safari"},"ibrw1090":{"name":"Wyświetlanie plików PDF","searchName":"Wyświetlanie plików PDF w Safari"},"sfri22092":{"name":"Wyświetlanie ulubionych","searchName":"Wyświetlanie strony ulubionych w Safari"},"sfri35476":{"name":"Pomoc Safari","href":"sfri35476.html","categories":["landing"]},"sfri20879":{"name":"Bazy danych przechowywane na komputerze","searchName":"Bazy danych przechowywane na komputerze przez Safari"},"glosbdc8e694":{"name":"Apple ID","categories":["aside"]},"sfri35922":{"name":"Jeśli Safari napotyka błąd podczas wyświetlania strony internetowej"},"ibrw1072":{"name":"Preferencje ogólne","searchName":"Preferencje ogólne w Safari"},"sfri32632":{"name":"Wyświetlanie artykułów bez zbędnych elementów","searchName":"Wyświetlanie artykułów bez zbędnych elementów przy użyciu funkcji Reader w Safari"},"sfri27594":{"name":"Jeśli trzeba usunąć wtyczkę","searchName":"Jeśli trzeba usunąć wtyczkę Safari"},"ibrw1075":{"name":"Preferencje Zaawansowane","searchName":"Preferencje zaawansowane w Safari"},"ibrwa001":{"name":"Dlaczego warto blokować okna wyskakujące?","searchName":"Dlaczego warto blokować w Safari okna wyskakujące na stronach internetowych?"},"ibrw1114":{"name":"Przeszukiwanie historii odwiedzonych stron","searchName":"Przeszukiwanie historii stron odwiedzonych przy użyciu przeglądarki Safari"},"sfri40696":{"name":"Blokowanie okien wyskakujących i niepotrzebnych treści","searchName":"Blokowanie okien wyskakujących oraz niepotrzebnych treści w Safari"},"sfri40722":{"name":"Udostępnianie, tweetowanie i publikowanie stron","searchName":"Udostępnianie, tweetowanie i publikowanie stron przy użyciu Safari"},"sfri20948":{"name":"Korzystanie z menu Programowanie w Safari"},"ibrw1117":{"name":"Jeśli Safari nie może zachować hasła"},"ibrw1080":{"name":"Wybieranie stron dostępnych dla użytkowników","searchName":"Wybieranie stron dostępnych dla użytkowników w Safari"},"ibrw8e207504":{"name":"Płać, używając Apple Pay","searchName":"Zakupy przy użyciu Apple Pay w Safari"},"ibrw1033":{"name":"Jeśli Safari nie wyświetla grafiki na stronach internetowych"},"ibrwa007":{"name":"Jeśli próbujesz używać Safari poza siecią","href":"ibrwa007.html","summary":"Jeśli chcesz wyświetlić stronę w Safari, Mac musi być połączony z Internetem (chyba że strona została wcześniej dodana do listy Czytelnia podczas pracy w sieci)."},"sfri35826":{"name":"Używanie konta internetowego w innych programach macOS"},"sfri32153":{"name":"Preferencje rozszerzeń","searchName":"Preferencje rozszerzeń w Safari"},"sfri11471":{"name":"Zarządzanie plikami cookie i danymi witryn","searchName":"Zarządzanie plikami cookie i danymi witryn w Safari"},"ibrw1012":{"name":"Dostosowywanie okna Safari"},"ibrw1036":{"name":"Jeśli brakuje wtyczki","searchName":"Jeśli brakuje wtyczki Safari"},"ibrw1039":{"name":"Korzystanie z zakładek","searchName":"Używanie zakładek w Safari"},"ibrw1015":{"name":"Importowanie zakładek i historii","searchName":"Importowanie zakładek i historii z innych przeglądarek do Safari"},"sfri11576":{"name":"Wyświetlanie stron internetowych w kartach","searchName":"Wyświetlanie stron internetowych w kartach przy użyciu Safari"},"sfri21236":{"name":"Jeśli nie można otworzyć szyfrowanej strony internetowej","searchName":"Jeśli nie można otworzyć w Safari szyfrowanej strony internetowej"},"ibrw1089":{"name":"Zachowywanie stron internetowych","searchName":"Zachowywanie stron internetowych przy użyciu Safari"},"sfri47acf5d6":{"name":"Wymazywanie historii odwiedzonych stron","searchName":"Wymazywanie historii odwiedzonych stron w Safari"},"ibrw979a931f":{"name":"Czytanie artykułów poza siecią"},"ibrw1018":{"name":"Sprawdzanie elementów stron internetowych i aktywności","searchName":"Sprawdzanie elementów stron internetowych i aktywności przy użyciu Safari"},"ibrw1041":{"name":"Jeśli na pasku ulubionych brakuje zakładek","searchName":"Jeśli na pasku ulubionych Safari brakuje zakładek"},"ibrwe2159f50":{"name":"Preferencje dotyczące witryny","searchName":"Preferencje dotyczące witryny w Safari"},"sfri21978704":{"name":"cookies and website data","categories":["aside"]},"ibrw1068":{"name":"Powiększanie stron internetowych","searchName":"Powiększanie stron internetowych w Safari"},"cpsh003":{"name":"Skróty klawiszowe i inne"},"ibrw1020":{"name":"Ustawianie strony domowej","searchName":"Ustawianie strony domowej w Safari"},"sfri264b84ab":{"name":"force click","categories":["aside"]},"glosc8aef3dc":{"name":"Touch ID","categories":["aside"]},"ibrwe75c2a3c":{"name":"Zmienianie opcje wyszukiwania","searchName":"Zmienianie opcji wyszukiwania przy użyciu Safari"},"sfrid73436cb":{"name":"Znajdowanie rzeczy","searchName":"Znajdowanie rzeczy w Safari"},"sfri40732":{"name":"Zapobieganie śledzeniu","searchName":"Proszenie witryn otwieranych w Safari o nieśledzenie"},"sfri11861":{"name":"Rozwiązywanie problemów"},"ibrw1005":{"name":"Otwieranie witryn internetowych","searchName":"Otwieranie witryn internetowych w Safari"},"sfria1042d31":{"name":"Preferencje szukania","searchName":"Preferencje szukania w Safari"},"ibrw74269f2c":{"name":"Smart Search field","categories":["aside"]},"ibrw1031":{"name":"Jeśli strona wygląda nieprawidłowo","searchName":"Jeśli strona wygląda nieprawidłowo w Safari"},"ibrwa005":{"name":"Preferencje formularzy","searchName":"Preferencje formularzy w Safari"}},"copyright_text":"Copyright © 2017 Apple Inc. Wszystkie prawa zastrzeżone."}